Image,TP0,FP0,FN0,TN0,IOU0,TPw0,FPw0,FNw0,FWB0,TP1,FP1,FN1,TN1,IOU1,TPw1,FPw1,FNw1,FWB1,TP2,FP2,FN2,TN2,IOU2,TPw2,FPw2,FNw2,FWB2,TP3,FP3,FN3,TN3,IOU3,TPw3,FPw3,FNw3,FWB3
GPMF11_0087.png,205305.0,842.0,9551.0,14702.0,0.9518168921362276,-1.0,-1.0,-1.0,-1.0,6513.0,1609.0,587.0,221691.0,0.7478470547709266,-1.0,-1.0,-1.0,-1.0,0.0,0.0,0.0,230400.0,0.0,-1.0,-1.0,-1.0,-1.0,7789.0,8342.0,655.0,213614.0,0.4640176337424044,-1.0,-1.0,-1.0,-1.0
GPMF11_0101.png,209798.0,845.0,8370.0,11387.0,0.9579248720395593,-1.0,-1.0,-1.0,-1.0,5456.0,3891.0,596.0,220457.0,0.5487277481645378,-1.0,-1.0,-1.0,-1.0,0.0,0.0,0.0,230400.0,0.0,-1.0,-1.0,-1.0,-1.0,4654.0,5756.0,1526.0,218464.0,0.3899128686327078,-1.0,-1.0,-1.0,-1.0
GPMF11_0213.png,209350.0,869.0,8886.0,11295.0,0.9554779671846831,-1.0,-1.0,-1.0,-1.0,6232.0,1792.0,744.0,221632.0,0.7107664233576643,-1.0,-1.0,-1.0,-1.0,0.0,0.0,0.0,230400.0,0.0,-1.0,-1.0,-1.0,-1.0,4614.0,7543.0,574.0,217669.0,0.36242243343020974,-1.0,-1.0,-1.0,-1.0
GPMF11_0495.png,213050.0,9088.0,6218.0,2044.0,0.9329730771251905,-1.0,-1.0,-1.0,-1.0,0.0,342.0,5616.0,224442.0,0.0,-1.0,-1.0,-1.0,-1.0,0.0,0.0,0.0,230400.0,0.0,-1.0,-1.0,-1.0,-1.0,2043.0,5877.0,3473.0,219007.0,0.17932063547792504,-1.0,-1.0,-1.0,-1.0
GPMF11_0887.png,208554.0,594.0,11374.0,9878.0,0.9457287708255866,-1.0,-1.0,-1.0,-1.0,5050.0,4812.0,554.0,219984.0,0.4848310291858679,-1.0,-1.0,-1.0,-1.0,0.0,0.0,0.0,230400.0,0.0,-1.0,-1.0,-1.0,-1.0,4644.0,6746.0,224.0,218786.0,0.3998622352333391,-1.0,-1.0,-1.0,-1.0
GPMF11_1064.png,210921.0,2247.0,7031.0,10201.0,0.9578653854013869,-1.0,-1.0,-1.0,-1.0,4081.0,855.0,1551.0,223913.0,0.6291043625712964,-1.0,-1.0,-1.0,-1.0,0.0,0.0,0.0,230400.0,0.0,-1.0,-1.0,-1.0,-1.0,5422.0,6874.0,1394.0,216710.0,0.3960555149744339,-1.0,-1.0,-1.0,-1.0
GPMF12_0099.png,181100.0,38265.0,160.0,10875.0,0.8249629882701287,-1.0,-1.0,-1.0,-1.0,10852.0,183.0,8792.0,210573.0,0.5473344429313562,-1.0,-1.0,-1.0,-1.0,0.0,0.0,0.0,230400.0,0.0,-1.0,-1.0,-1.0,-1.0,0.0,0.0,29496.0,200904.0,0.0,-1.0,-1.0,-1.0,-1.0
GPMF12_0198.png,194367.0,18377.0,3929.0,13727.0,0.8970522400114458,-1.0,-1.0,-1.0,-1.0,11139.0,85.0,3041.0,216135.0,0.7808622502628811,-1.0,-1.0,-1.0,-1.0,0.0,1.0,0.0,230399.0,0.0,-1.0,-1.0,-1.0,-1.0,2580.0,3851.0,15344.0,208625.0,0.11848450057405281,-1.0,-1.0,-1.0,-1.0
GPMF12_0340.png,192084.0,18636.0,564.0,19116.0,0.9091270517407849,-1.0,-1.0,-1.0,-1.0,17105.0,1544.0,3207.0,208544.0,0.7826226207906296,-1.0,-1.0,-1.0,-1.0,0.0,0.0,0.0,230400.0,0.0,-1.0,-1.0,-1.0,-1.0,1007.0,24.0,16433.0,212936.0,0.05766147503435639,-1.0,-1.0,-1.0,-1.0
GPMF12_0507.png,196613.0,16831.0,719.0,16237.0,0.9180530717257416,-1.0,-1.0,-1.0,-1.0,15844.0,861.0,2640.0,211055.0,0.8190230033600413,-1.0,-1.0,-1.0,-1.0,0.0,0.0,0.0,230400.0,0.0,-1.0,-1.0,-1.0,-1.0,229.0,22.0,14355.0,215794.0,0.015678488292482542,-1.0,-1.0,-1.0,-1.0
GPMF12_1050.png,203478.0,17706.0,1862.0,7354.0,0.9122692180088412,-1.0,-1.0,-1.0,-1.0,0.0,0.0,10384.0,220016.0,0.0,-1.0,-1.0,-1.0,-1.0,0.0,0.0,0.0,230400.0,0.0,-1.0,-1.0,-1.0,-1.0,7354.0,1862.0,7322.0,213862.0,0.44467287459184907,-1.0,-1.0,-1.0,-1.0
GPMF13_0486.png,206241.0,17785.0,5099.0,1275.0,0.9001243862520458,-1.0,-1.0,-1.0,-1.0,0.0,256.0,9916.0,220228.0,0.0,-1.0,-1.0,-1.0,-1.0,0.0,0.0,0.0,230400.0,0.0,-1.0,-1.0,-1.0,-1.0,1275.0,4843.0,7869.0,216413.0,0.09115607349681848,-1.0,-1.0,-1.0,-1.0
GPMF13_1064.png,203715.0,10656.0,8461.0,7568.0,0.914208910748905,-1.0,-1.0,-1.0,-1.0,6150.0,2096.0,4006.0,218148.0,0.5019588638589618,-1.0,-1.0,-1.0,-1.0,0.0,0.0,0.0,230400.0,0.0,-1.0,-1.0,-1.0,-1.0,510.0,7273.0,7558.0,215059.0,0.03324424744149664,-1.0,-1.0,-1.0,-1.0
MC1_0039.png,182056.0,3081.0,3076.0,42187.0,0.9672870630615313,-1.0,-1.0,-1.0,-1.0,35681.0,3185.0,2895.0,188639.0,0.8544096166279543,-1.0,-1.0,-1.0,-1.0,0.0,0.0,0.0,230400.0,0.0,-1.0,-1.0,-1.0,-1.0,5440.0,957.0,1252.0,222751.0,0.7112040789645705,-1.0,-1.0,-1.0,-1.0
MC1_0223.png,178199.0,6072.0,1437.0,44692.0,0.9595655545264609,-1.0,-1.0,-1.0,-1.0,35407.0,1900.0,6609.0,186484.0,0.8062437380453593,-1.0,-1.0,-1.0,-1.0,0.0,0.0,0.0,230400.0,0.0,-1.0,-1.0,-1.0,-1.0,7501.0,1321.0,1247.0,220331.0,0.7449597775350084,-1.0,-1.0,-1.0,-1.0
MC1_0271.png,179388.0,1699.0,1468.0,47845.0,0.9826518035660486,-1.0,-1.0,-1.0,-1.0,38325.0,983.0,3195.0,187897.0,0.901701056396019,-1.0,-1.0,-1.0,-1.0,0.0,0.0,0.0,230400.0,0.0,-1.0,-1.0,-1.0,-1.0,7696.0,2309.0,328.0,220067.0,0.7447982192973966,-1.0,-1.0,-1.0,-1.0
MC1_0319.png,180379.0,3680.0,1009.0,45332.0,0.9746633669786241,-1.0,-1.0,-1.0,-1.0,36824.0,562.0,1488.0,191526.0,0.9472655245151,-1.0,-1.0,-1.0,-1.0,0.0,0.0,0.0,230400.0,0.0,-1.0,-1.0,-1.0,-1.0,8125.0,830.0,2575.0,218870.0,0.704683434518647,-1.0,-1.0,-1.0,-1.0
MC1_0331.png,183109.0,8583.0,1107.0,37601.0,0.949740403217859,-1.0,-1.0,-1.0,-1.0,30939.0,557.0,4149.0,194755.0,0.8679758731939964,-1.0,-1.0,-1.0,-1.0,0.0,0.0,0.0,230400.0,0.0,-1.0,-1.0,-1.0,-1.0,6165.0,1047.0,4931.0,218257.0,0.5076999094128304,-1.0,-1.0,-1.0,-1.0
MC1_0375.png,169620.0,6737.0,3564.0,50479.0,0.9427470945581672,-1.0,-1.0,-1.0,-1.0,40212.0,4264.0,2204.0,183720.0,0.861439588688946,-1.0,-1.0,-1.0,-1.0,0.0,0.0,0.0,230400.0,0.0,-1.0,-1.0,-1.0,-1.0,8381.0,1186.0,6419.0,214414.0,0.5242712373326661,-1.0,-1.0,-1.0,-1.0
MC2_0053.png,154813.0,3092.0,3279.0,69216.0,0.9604737442922374,-1.0,-1.0,-1.0,-1.0,61720.0,2362.0,3164.0,163154.0,0.9178241084971597,-1.0,-1.0,-1.0,-1.0,0.0,0.0,0.0,230400.0,0.0,-1.0,-1.0,-1.0,-1.0,6441.0,1972.0,983.0,221004.0,0.6855044699872286,-1.0,-1.0,-1.0,-1.0
MC2_0146.png,127050.0,25086.0,7998.0,70266.0,0.7933980291505864,-1.0,-1.0,-1.0,-1.0,69418.0,8478.0,1074.0,151430.0,0.8790426744333291,-1.0,-1.0,-1.0,-1.0,0.0,0.0,0.0,230400.0,0.0,-1.0,-1.0,-1.0,-1.0,284.0,84.0,24576.0,205456.0,0.011385503527902501,-1.0,-1.0,-1.0,-1.0
MC2_0247.png,137643.0,7704.0,4389.0,80664.0,0.9192378586311909,-1.0,-1.0,-1.0,-1.0,74968.0,4074.0,3216.0,148142.0,0.9113764010795302,-1.0,-1.0,-1.0,-1.0,0.0,0.0,0.0,230400.0,0.0,-1.0,-1.0,-1.0,-1.0,4305.0,1706.0,5879.0,218510.0,0.3620689655172414,-1.0,-1.0,-1.0,-1.0
MC2_0502.png,164918.0,12853.0,1822.0,50807.0,0.9182874610925815,-1.0,-1.0,-1.0,-1.0,41878.0,2055.0,2286.0,184181.0,0.906077587139488,-1.0,-1.0,-1.0,-1.0,0.0,0.0,0.0,230400.0,0.0,-1.0,-1.0,-1.0,-1.0,8217.0,479.0,11279.0,210425.0,0.4113642052565707,-1.0,-1.0,-1.0,-1.0
MC2_0663.png,139570.0,8798.0,5506.0,76526.0,0.9070408256105645,-1.0,-1.0,-1.0,-1.0,63755.0,6231.0,2945.0,157469.0,0.8741824464219605,-1.0,-1.0,-1.0,-1.0,0.0,0.0,0.0,230400.0,0.0,-1.0,-1.0,-1.0,-1.0,9827.0,2219.0,8797.0,209557.0,0.4714772345631627,-1.0,-1.0,-1.0,-1.0
MC2_0815.png,120239.0,28145.0,10469.0,71547.0,0.7569199196741642,-1.0,-1.0,-1.0,-1.0,57991.0,13387.0,5729.0,153293.0,0.7520847653261052,-1.0,-1.0,-1.0,-1.0,0.0,0.0,0.0,230400.0,0.0,-1.0,-1.0,-1.0,-1.0,9458.0,1180.0,26514.0,193248.0,0.2545757967269595,-1.0,-1.0,-1.0,-1.0
MC2_0827.png,124530.0,9563.0,5926.0,90381.0,0.8893792985237717,-1.0,-1.0,-1.0,-1.0,75719.0,5048.0,3469.0,146164.0,0.8988912104088513,-1.0,-1.0,-1.0,-1.0,0.0,0.0,0.0,230400.0,0.0,-1.0,-1.0,-1.0,-1.0,11895.0,3645.0,8861.0,205999.0,0.48748002131060203,-1.0,-1.0,-1.0,-1.0
MC2_0877.png,135190.0,17266.0,8518.0,69426.0,0.8398250649173158,-1.0,-1.0,-1.0,-1.0,58128.0,8895.0,2740.0,160637.0,0.8332210484067486,-1.0,-1.0,-1.0,-1.0,0.0,0.0,0.0,230400.0,0.0,-1.0,-1.0,-1.0,-1.0,9268.0,1653.0,16556.0,202923.0,0.33730028751319285,-1.0,-1.0,-1.0,-1.0
MC2_0884.png,157806.0,8366.0,4406.0,59822.0,0.9251251626821747,-1.0,-1.0,-1.0,-1.0,41214.0,4224.0,2858.0,182104.0,0.853362597316548,-1.0,-1.0,-1.0,-1.0,0.0,0.0,0.0,230400.0,0.0,-1.0,-1.0,-1.0,-1.0,16092.0,2698.0,8024.0,203586.0,0.6001342582233162,-1.0,-1.0,-1.0,-1.0
MC4_0069.png,163755.0,3453.0,1789.0,61403.0,0.9689816978999627,-1.0,-1.0,-1.0,-1.0,44858.0,1432.0,3658.0,180452.0,0.8980940177784896,-1.0,-1.0,-1.0,-1.0,0.0,0.0,0.0,230400.0,0.0,-1.0,-1.0,-1.0,-1.0,15100.0,1802.0,1240.0,212258.0,0.8323227869033183,-1.0,-1.0,-1.0,-1.0
MC4_0165.png,148704.0,3063.0,3720.0,74913.0,0.9563757741804781,-1.0,-1.0,-1.0,-1.0,62897.0,3618.0,3915.0,159970.0,0.8930427374698282,-1.0,-1.0,-1.0,-1.0,0.0,0.0,0.0,230400.0,0.0,-1.0,-1.0,-1.0,-1.0,10052.0,2066.0,1112.0,217170.0,0.7597883597883598,-1.0,-1.0,-1.0,-1.0
MC4_0330.png,156743.0,8881.0,6417.0,58359.0,0.9110793357397364,-1.0,-1.0,-1.0,-1.0,47436.0,7678.0,7028.0,168258.0,0.7633484599787583,-1.0,-1.0,-1.0,-1.0,0.0,0.0,0.0,230400.0,0.0,-1.0,-1.0,-1.0,-1.0,8593.0,1069.0,4183.0,216555.0,0.6206572769953052,-1.0,-1.0,-1.0,-1.0
MC4_0408.png,141296.0,16546.0,12232.0,60326.0,0.8307913026094523,-1.0,-1.0,-1.0,-1.0,49549.0,11609.0,16543.0,152699.0,0.6376880606427202,-1.0,-1.0,-1.0,-1.0,0.0,0.0,0.0,230400.0,0.0,-1.0,-1.0,-1.0,-1.0,9316.0,2084.0,1464.0,217536.0,0.7241915422885572,-1.0,-1.0,-1.0,-1.0
MC4_0491.png,159511.0,7878.0,1305.0,61706.0,0.9455641575871104,-1.0,-1.0,-1.0,-1.0,56023.0,2747.0,7721.0,163909.0,0.8425651591944775,-1.0,-1.0,-1.0,-1.0,0.0,0.0,0.0,230400.0,0.0,-1.0,-1.0,-1.0,-1.0,3199.0,1042.0,2641.0,223518.0,0.464835803545481,-1.0,-1.0,-1.0,-1.0
MC4_0889.png,133271.0,2744.0,8481.0,85904.0,0.9223161886834238,-1.0,-1.0,-1.0,-1.0,75248.0,8303.0,3120.0,143729.0,0.8682027437089684,-1.0,-1.0,-1.0,-1.0,0.0,0.0,0.0,230400.0,0.0,-1.0,-1.0,-1.0,-1.0,8426.0,2408.0,1854.0,217712.0,0.6640920554854981,-1.0,-1.0,-1.0,-1.0
MC5_0002.png,166670.0,6535.0,3038.0,54157.0,0.9456829491100356,-1.0,-1.0,-1.0,-1.0,44493.0,2294.0,7447.0,176166.0,0.8203894236088063,-1.0,-1.0,-1.0,-1.0,0.0,0.0,0.0,230400.0,0.0,-1.0,-1.0,-1.0,-1.0,7962.0,2446.0,790.0,219202.0,0.7110198249687444,-1.0,-1.0,-1.0,-1.0
MC5_0169.png,161439.0,15269.0,4577.0,49115.0,0.8905259673993987,-1.0,-1.0,-1.0,-1.0,45013.0,4680.0,4619.0,176088.0,0.8287855354249521,-1.0,-1.0,-1.0,-1.0,0.0,0.0,0.0,230400.0,0.0,-1.0,-1.0,-1.0,-1.0,3662.0,337.0,11090.0,215311.0,0.24269335277354365,-1.0,-1.0,-1.0,-1.0
MC5_0174.png,171628.0,6583.0,1648.0,50541.0,0.9542363740485602,-1.0,-1.0,-1.0,-1.0,41187.0,1170.0,2645.0,185398.0,0.9152259899560019,-1.0,-1.0,-1.0,-1.0,0.0,0.0,0.0,230400.0,0.0,-1.0,-1.0,-1.0,-1.0,9026.0,806.0,4266.0,216302.0,0.6402326571144843,-1.0,-1.0,-1.0,-1.0
MC5_0307.png,168028.0,6553.0,4600.0,51219.0,0.937755677220241,-1.0,-1.0,-1.0,-1.0,29949.0,3957.0,8763.0,187731.0,0.7018913028193771,-1.0,-1.0,-1.0,-1.0,0.0,0.0,0.0,230400.0,0.0,-1.0,-1.0,-1.0,-1.0,16643.0,5270.0,2417.0,206070.0,0.684052609946568,-1.0,-1.0,-1.0,-1.0
MC5_0432.png,135792.0,3944.0,16928.0,73736.0,0.8667722003778787,-1.0,-1.0,-1.0,-1.0,56982.0,14764.0,5234.0,153420.0,0.7402182385035074,-1.0,-1.0,-1.0,-1.0,0.0,0.0,0.0,230400.0,0.0,-1.0,-1.0,-1.0,-1.0,14234.0,4684.0,1230.0,210252.0,0.7064721064125471,-1.0,-1.0,-1.0,-1.0
MC5_0478.png,146194.0,9502.0,10998.0,63706.0,0.8770201686923345,-1.0,-1.0,-1.0,-1.0,36715.0,12589.0,10993.0,170103.0,0.6089025988025938,-1.0,-1.0,-1.0,-1.0,0.0,0.0,0.0,230400.0,0.0,-1.0,-1.0,-1.0,-1.0,17496.0,7904.0,8004.0,196996.0,0.5237696084301281,-1.0,-1.0,-1.0,-1.0
MC5_0851.png,162747.0,2965.0,8801.0,55887.0,0.9325780887383748,-1.0,-1.0,-1.0,-1.0,40570.0,8172.0,2106.0,179552.0,0.7978681560730019,-1.0,-1.0,-1.0,-1.0,0.0,0.0,0.0,230400.0,0.0,-1.0,-1.0,-1.0,-1.0,13584.0,2362.0,2592.0,211862.0,0.7327651310821016,-1.0,-1.0,-1.0,-1.0
MC6_0003.png,147470.0,23805.0,2850.0,56275.0,0.8469203158650395,-1.0,-1.0,-1.0,-1.0,42647.0,2734.0,9637.0,175382.0,0.7751463157512087,-1.0,-1.0,-1.0,-1.0,0.0,0.0,0.0,230400.0,0.0,-1.0,-1.0,-1.0,-1.0,11765.0,1979.0,16031.0,200625.0,0.39513014273719566,-1.0,-1.0,-1.0,-1.0
MC6_0182.png,150689.0,3430.0,4719.0,71562.0,0.948696155831728,-1.0,-1.0,-1.0,-1.0,60548.0,4970.0,3036.0,161846.0,0.8832161507716545,-1.0,-1.0,-1.0,-1.0,0.0,0.0,0.0,230400.0,0.0,-1.0,-1.0,-1.0,-1.0,9622.0,1141.0,1786.0,217851.0,0.7667543230536298,-1.0,-1.0,-1.0,-1.0
MC6_0283.png,149920.0,9166.0,2320.0,68994.0,0.9288378375029429,-1.0,-1.0,-1.0,-1.0,45165.0,3253.0,4471.0,177511.0,0.8539582900035925,-1.0,-1.0,-1.0,-1.0,0.0,0.0,0.0,230400.0,0.0,-1.0,-1.0,-1.0,-1.0,21563.0,1333.0,6961.0,200543.0,0.7222091971731922,-1.0,-1.0,-1.0,-1.0
MC6_0302.png,156938.0,16212.0,2678.0,54572.0,0.892565461701208,-1.0,-1.0,-1.0,-1.0,38687.0,1752.0,13989.0,175972.0,0.7107922392886015,-1.0,-1.0,-1.0,-1.0,0.0,0.0,0.0,230400.0,0.0,-1.0,-1.0,-1.0,-1.0,14723.0,2088.0,3385.0,210204.0,0.7290057437116261,-1.0,-1.0,-1.0,-1.0
MC6_0356.png,170530.0,44713.0,2922.0,12235.0,0.7816560859899617,-1.0,-1.0,-1.0,-1.0,10920.0,1704.0,15692.0,202084.0,0.3856476903517446,-1.0,-1.0,-1.0,-1.0,0.0,0.0,0.0,230400.0,0.0,-1.0,-1.0,-1.0,-1.0,1079.0,1454.0,29257.0,198610.0,0.03394149103491664,-1.0,-1.0,-1.0,-1.0
MC6_0367.png,170368.0,17059.0,9132.0,33841.0,0.8667524763556999,-1.0,-1.0,-1.0,-1.0,13502.0,3117.0,13290.0,200491.0,0.4514360226018924,-1.0,-1.0,-1.0,-1.0,0.0,0.0,0.0,230400.0,0.0,-1.0,-1.0,-1.0,-1.0,18956.0,7398.0,5152.0,198894.0,0.6016631752682029,-1.0,-1.0,-1.0,-1.0
MC6_0426.png,110989.0,15609.0,15667.0,88135.0,0.780156749727621,-1.0,-1.0,-1.0,-1.0,82501.0,14964.0,419.0,132516.0,0.8428445915573536,-1.0,-1.0,-1.0,-1.0,0.0,0.0,0.0,230400.0,0.0,-1.0,-1.0,-1.0,-1.0,0.0,6337.0,20824.0,203239.0,0.0,-1.0,-1.0,-1.0,-1.0
MC6_0888.png,157823.0,19399.0,3473.0,49705.0,0.8734220648053349,-1.0,-1.0,-1.0,-1.0,29715.0,3350.0,1713.0,195622.0,0.8544194605785267,-1.0,-1.0,-1.0,-1.0,0.0,0.0,0.0,230400.0,0.0,-1.0,-1.0,-1.0,-1.0,18276.0,1837.0,19400.0,190887.0,0.46253131880646875,-1.0,-1.0,-1.0,-1.0
SMu1_0030.png,186865.0,4851.0,12979.0,25705.0,0.9128947946945456,-1.0,-1.0,-1.0,-1.0,13399.0,4772.0,4033.0,208196.0,0.6034498288596649,-1.0,-1.0,-1.0,-1.0,0.0,138.0,0.0,230262.0,0.0,-1.0,-1.0,-1.0,-1.0,11374.0,9001.0,1750.0,208275.0,0.5140790960451977,-1.0,-1.0,-1.0,-1.0
SMu1_0128.png,191680.0,6750.0,7988.0,23982.0,0.9286011878809018,-1.0,-1.0,-1.0,-1.0,13805.0,2849.0,5295.0,208451.0,0.6289580390906192,-1.0,-1.0,-1.0,-1.0,0.0,4394.0,0.0,226006.0,0.0,-1.0,-1.0,-1.0,-1.0,4376.0,6546.0,7256.0,212222.0,0.2407305534162174,-1.0,-1.0,-1.0,-1.0
SMu1_0268.png,189184.0,4098.0,6936.0,30182.0,0.944890069823892,-1.0,-1.0,-1.0,-1.0,16091.0,1664.0,4097.0,208548.0,0.7363628043199707,-1.0,-1.0,-1.0,-1.0,0.0,2693.0,0.0,227707.0,0.0,-1.0,-1.0,-1.0,-1.0,11180.0,5490.0,2912.0,210818.0,0.5709324890205291,-1.0,-1.0,-1.0,-1.0
SMu1_0333.png,187782.0,2033.0,10126.0,30459.0,0.9391870601827539,-1.0,-1.0,-1.0,-1.0,15882.0,1246.0,1326.0,211946.0,0.8606264224558361,-1.0,-1.0,-1.0,-1.0,0.0,0.0,0.0,230400.0,0.0,-1.0,-1.0,-1.0,-1.0,14030.0,9427.0,1254.0,205689.0,0.5677633442596415,-1.0,-1.0,-1.0,-1.0
SMu1_0435.png,180964.0,4615.0,13104.0,31717.0,0.9108177347835497,-1.0,-1.0,-1.0,-1.0,17396.0,5640.0,2796.0,204568.0,0.6734283059770827,-1.0,-1.0,-1.0,-1.0,0.0,640.0,0.0,229760.0,0.0,-1.0,-1.0,-1.0,-1.0,11757.0,9388.0,4383.0,204872.0,0.4605531181447822,-1.0,-1.0,-1.0,-1.0
SMu1_0544.png,184730.0,5799.0,9974.0,29897.0,0.9213328478875628,-1.0,-1.0,-1.0,-1.0,14263.0,1963.0,4917.0,209257.0,0.6745967932649104,-1.0,-1.0,-1.0,-1.0,0.0,29.0,0.0,230371.0,0.0,-1.0,-1.0,-1.0,-1.0,14660.0,8956.0,1856.0,204928.0,0.5755339195979899,-1.0,-1.0,-1.0,-1.0
SMu1_0679.png,184002.0,2765.0,13238.0,30395.0,0.9199870003249919,-1.0,-1.0,-1.0,-1.0,23967.0,5361.0,1781.0,199291.0,0.7704201356520621,-1.0,-1.0,-1.0,-1.0,0.0,0.0,0.0,230400.0,0.0,-1.0,-1.0,-1.0,-1.0,4931.0,9374.0,2481.0,213614.0,0.2937567020135827,-1.0,-1.0,-1.0,-1.0
SMu1_1048.png,184981.0,6197.0,8151.0,31071.0,0.9280185020744598,-1.0,-1.0,-1.0,-1.0,7476.0,2040.0,2499.0,218385.0,0.6222222222222222,-1.0,-1.0,-1.0,-1.0,2079.0,707.0,669.0,226945.0,0.6017366136034732,-1.0,-1.0,-1.0,-1.0,19178.0,7742.0,5367.0,198113.0,0.593985195279834,-1.0,-1.0,-1.0,-1.0
SMu1_1085.png,181704.0,4727.0,11032.0,32937.0,0.9201926436851461,-1.0,-1.0,-1.0,-1.0,8451.0,1425.0,2086.0,218438.0,0.7064872094967397,-1.0,-1.0,-1.0,-1.0,3636.0,741.0,556.0,225467.0,0.7370768295155078,-1.0,-1.0,-1.0,-1.0,18587.0,11129.0,4348.0,196336.0,0.5456493658994833,-1.0,-1.0,-1.0,-1.0
SMu1_1100.png,178437.0,2342.0,15523.0,34098.0,0.9089922670171471,-1.0,-1.0,-1.0,-1.0,11614.0,1403.0,1539.0,215844.0,0.7978840340752954,-1.0,-1.0,-1.0,-1.0,3202.0,511.0,340.0,226347.0,0.7900320750061682,-1.0,-1.0,-1.0,-1.0,17515.0,15376.0,2230.0,195279.0,0.4987044788018564,-1.0,-1.0,-1.0,-1.0
SMu1_1130.png,182692.0,4957.0,14840.0,27911.0,0.9022317261678412,-1.0,-1.0,-1.0,-1.0,17637.0,4827.0,1087.0,206849.0,0.7488853976476583,-1.0,-1.0,-1.0,-1.0,0.0,0.0,0.0,230400.0,0.0,-1.0,-1.0,-1.0,-1.0,9196.0,11091.0,4948.0,205165.0,0.3644145036655439,-1.0,-1.0,-1.0,-1.0
SMu1_1702.png,176840.0,2329.0,16980.0,34251.0,0.9015595287256116,-1.0,-1.0,-1.0,-1.0,11933.0,4643.0,1550.0,212274.0,0.6583360918018316,-1.0,-1.0,-1.0,-1.0,2330.0,491.0,753.0,226826.0,0.6519306099608282,-1.0,-1.0,-1.0,-1.0,17952.0,13882.0,2062.0,196504.0,0.5296200141609629,-1.0,-1.0,-1.0,-1.0
SMu40_0030.png,203692.0,4369.0,12996.0,9343.0,0.921445600003619,-1.0,-1.0,-1.0,-1.0,7019.0,1145.0,2389.0,219847.0,0.6651189235288544,-1.0,-1.0,-1.0,-1.0,0.0,1079.0,0.0,229321.0,0.0,-1.0,-1.0,-1.0,-1.0,479.0,12617.0,3825.0,213479.0,0.0283080196205898,-1.0,-1.0,-1.0,-1.0
SMu40_0087.png,200770.0,1610.0,15530.0,12490.0,0.9213436739938506,-1.0,-1.0,-1.0,-1.0,7284.0,3015.0,1730.0,218371.0,0.6055366198353977,-1.0,-1.0,-1.0,-1.0,643.0,219.0,1107.0,228431.0,0.3265617064499746,-1.0,-1.0,-1.0,-1.0,1837.0,15022.0,1499.0,212042.0,0.1000653665976686,-1.0,-1.0,-1.0,-1.0
SMu40_0114.png,206458.0,11745.0,9582.0,2615.0,0.906372236977852,-1.0,-1.0,-1.0,-1.0,453.0,960.0,8521.0,220466.0,0.04560096637809543,-1.0,-1.0,-1.0,-1.0,1516.0,35.0,1113.0,227736.0,0.5690690690690691,-1.0,-1.0,-1.0,-1.0,0.0,9233.0,2757.0,218410.0,0.0,-1.0,-1.0,-1.0,-1.0
SMu40_0128.png,209382.0,4573.0,7862.0,8583.0,0.9439402750916296,-1.0,-1.0,-1.0,-1.0,3072.0,1581.0,6493.0,219254.0,0.2756145702494168,-1.0,-1.0,-1.0,-1.0,58.0,4029.0,877.0,225436.0,0.011684125705076551,-1.0,-1.0,-1.0,-1.0,12.0,7693.0,2644.0,220051.0,0.0011595323219634748,-1.0,-1.0,-1.0,-1.0
SMu40_0396.png,205239.0,1682.0,7885.0,15594.0,0.9554621379291082,-1.0,-1.0,-1.0,-1.0,4915.0,893.0,1449.0,223143.0,0.6772771117541684,-1.0,-1.0,-1.0,-1.0,5473.0,335.0,102.0,224490.0,0.9260575296108291,-1.0,-1.0,-1.0,-1.0,4243.0,7620.0,1094.0,217443.0,0.32746777803503896,-1.0,-1.0,-1.0,-1.0
SMu40_0414.png,208279.0,2175.0,6585.0,13361.0,0.9596385902994393,-1.0,-1.0,-1.0,-1.0,2975.0,1605.0,3546.0,222274.0,0.36610878661087864,-1.0,-1.0,-1.0,-1.0,5397.0,291.0,189.0,224523.0,0.9183256763654926,-1.0,-1.0,-1.0,-1.0,1137.0,8541.0,2292.0,218430.0,0.0949874686716792,-1.0,-1.0,-1.0,-1.0
SMu40_0672.png,199196.0,3350.0,14852.0,13002.0,0.9162733787799335,-1.0,-1.0,-1.0,-1.0,3010.0,1365.0,2448.0,223577.0,0.44115491719185107,-1.0,-1.0,-1.0,-1.0,5506.0,69.0,698.0,224127.0,0.877729953770126,-1.0,-1.0,-1.0,-1.0,2957.0,14947.0,1733.0,210763.0,0.15058308295564496,-1.0,-1.0,-1.0,-1.0
SMu40_0708.png,199672.0,1836.0,12200.0,16692.0,0.9343215976940499,-1.0,-1.0,-1.0,-1.0,3769.0,1263.0,1753.0,223615.0,0.5554900515843773,-1.0,-1.0,-1.0,-1.0,5546.0,572.0,32.0,224250.0,0.9017886178861788,-1.0,-1.0,-1.0,-1.0,5974.0,11768.0,1454.0,211204.0,0.31121066888935195,-1.0,-1.0,-1.0,-1.0
SMu40_0818.png,196876.0,3415.0,14004.0,16105.0,0.9187148556895868,-1.0,-1.0,-1.0,-1.0,1543.0,3160.0,1703.0,223994.0,0.24086793630970965,-1.0,-1.0,-1.0,-1.0,4088.0,315.0,14.0,225983.0,0.9255150554675119,-1.0,-1.0,-1.0,-1.0,9285.0,11718.0,2887.0,206510.0,0.3886563415655086,-1.0,-1.0,-1.0,-1.0
SMu40_0831.png,199496.0,1850.0,10928.0,18126.0,0.9398042153066319,-1.0,-1.0,-1.0,-1.0,1383.0,2864.0,1596.0,224557.0,0.23669347937703233,-1.0,-1.0,-1.0,-1.0,5527.0,302.0,2.0,224569.0,0.9478648602298062,-1.0,-1.0,-1.0,-1.0,10085.0,8893.0,1383.0,210039.0,0.495309660625706,-1.0,-1.0,-1.0,-1.0
SMu40_0843.png,198867.0,2054.0,12073.0,17406.0,0.9336741880052959,-1.0,-1.0,-1.0,-1.0,1220.0,407.0,1380.0,227393.0,0.40571998669770537,-1.0,-1.0,-1.0,-1.0,6330.0,602.0,30.0,223438.0,0.9092214880781385,-1.0,-1.0,-1.0,-1.0,9013.0,11907.0,1487.0,207993.0,0.40224037131253626,-1.0,-1.0,-1.0,-1.0
SMu40_1016.png,201202.0,1590.0,12158.0,15450.0,0.9360409397534311,-1.0,-1.0,-1.0,-1.0,6228.0,2713.0,1228.0,220231.0,0.6124496017307504,-1.0,-1.0,-1.0,-1.0,0.0,5.0,0.0,230395.0,0.0,-1.0,-1.0,-1.0,-1.0,7914.0,10748.0,1670.0,210068.0,0.3892386385992524,-1.0,-1.0,-1.0,-1.0
SMu40_1314.png,206110.0,7580.0,9670.0,7040.0,0.9227704154727794,-1.0,-1.0,-1.0,-1.0,4281.0,113.0,5287.0,220719.0,0.4422063836380539,-1.0,-1.0,-1.0,-1.0,0.0,247.0,0.0,230153.0,0.0,-1.0,-1.0,-1.0,-1.0,2264.0,9805.0,2788.0,215543.0,0.15238608063539072,-1.0,-1.0,-1.0,-1.0
SMu40_1345.png,209790.0,4781.0,8410.0,7419.0,0.9408424933066046,-1.0,-1.0,-1.0,-1.0,5342.0,613.0,3150.0,221295.0,0.5867105985722131,-1.0,-1.0,-1.0,-1.0,0.0,1163.0,0.0,229237.0,0.0,-1.0,-1.0,-1.0,-1.0,409.0,8302.0,3299.0,218390.0,0.03405495420482931,-1.0,-1.0,-1.0,-1.0
SMu40_1365.png,213345.0,5189.0,6319.0,5547.0,0.9488198956651679,-1.0,-1.0,-1.0,-1.0,3188.0,741.0,5040.0,221431.0,0.35544653807559373,-1.0,-1.0,-1.0,-1.0,0.0,739.0,0.0,229661.0,0.0,-1.0,-1.0,-1.0,-1.0,969.0,6229.0,1539.0,221663.0,0.11090763419938193,-1.0,-1.0,-1.0,-1.0
SMu40_1616.png,214503.0,9801.0,2349.0,3747.0,0.9463938266866091,-1.0,-1.0,-1.0,-1.0,1397.0,156.0,4204.0,224643.0,0.24266110821608478,-1.0,-1.0,-1.0,-1.0,1577.0,641.0,770.0,227412.0,0.5277777777777778,-1.0,-1.0,-1.0,-1.0,0.0,2325.0,5600.0,222475.0,0.0,-1.0,-1.0,-1.0,-1.0
SMu40_1742.png,214383.0,12423.0,1761.0,1833.0,0.9379437976610797,-1.0,-1.0,-1.0,-1.0,1812.0,25.0,6092.0,222471.0,0.2285281876655316,-1.0,-1.0,-1.0,-1.0,0.0,0.0,0.0,230400.0,0.0,-1.0,-1.0,-1.0,-1.0,0.0,1757.0,6352.0,222291.0,0.0,-1.0,-1.0,-1.0,-1.0
SMu40_1801.png,212844.0,7550.0,2724.0,7282.0,0.9539526170008695,-1.0,-1.0,-1.0,-1.0,6568.0,438.0,2572.0,220822.0,0.6857381499269158,-1.0,-1.0,-1.0,-1.0,0.0,167.0,0.0,230233.0,0.0,-1.0,-1.0,-1.0,-1.0,159.0,2674.0,5533.0,222034.0,0.019005498446091323,-1.0,-1.0,-1.0,-1.0
SMu40_1866.png,209755.0,8388.0,2181.0,10076.0,0.9520297380221855,-1.0,-1.0,-1.0,-1.0,940.0,386.0,3079.0,225995.0,0.2133938706015891,-1.0,-1.0,-1.0,-1.0,4938.0,435.0,91.0,224936.0,0.9037335285505125,-1.0,-1.0,-1.0,-1.0,3239.0,2319.0,6177.0,218665.0,0.276011930123562,-1.0,-1.0,-1.0,-1.0
SMu41_0016.png,211343.0,1844.0,1997.0,15216.0,0.9821501598631869,-1.0,-1.0,-1.0,-1.0,1388.0,804.0,1158.0,227050.0,0.41432835820895525,-1.0,-1.0,-1.0,-1.0,5461.0,86.0,429.0,224424.0,0.9138219544846051,-1.0,-1.0,-1.0,-1.0,7476.0,1998.0,1148.0,219778.0,0.7038222556957259,-1.0,-1.0,-1.0,-1.0
SMu41_0041.png,214121.0,6115.0,51.0,10113.0,0.9720092424882085,-1.0,-1.0,-1.0,-1.0,3870.0,1164.0,1763.0,223603.0,0.5693688391937619,-1.0,-1.0,-1.0,-1.0,2750.0,207.0,37.0,227406.0,0.918503674014696,-1.0,-1.0,-1.0,-1.0,2168.0,5.0,5640.0,222587.0,0.27748624088058366,-1.0,-1.0,-1.0,-1.0
SMu41_0194.png,214872.0,6250.0,336.0,8942.0,0.9702607266389112,-1.0,-1.0,-1.0,-1.0,3011.0,1030.0,710.0,225649.0,0.6337613134077036,-1.0,-1.0,-1.0,-1.0,5062.0,166.0,153.0,225019.0,0.9407173387846125,-1.0,-1.0,-1.0,-1.0,0.0,9.0,6256.0,224135.0,0.0,-1.0,-1.0,-1.0,-1.0
SMu41_0259.png,211939.0,9934.0,229.0,8298.0,0.9542417447839281,-1.0,-1.0,-1.0,-1.0,1022.0,620.0,1079.0,227679.0,0.37559720690922455,-1.0,-1.0,-1.0,-1.0,3623.0,273.0,512.0,225992.0,0.8219147005444646,-1.0,-1.0,-1.0,-1.0,2628.0,361.0,9368.0,218043.0,0.21267297887836853,-1.0,-1.0,-1.0,-1.0
SMu41_0335.png,212729.0,8639.0,482.0,8550.0,0.9588866351138157,-1.0,-1.0,-1.0,-1.0,1282.0,826.0,1531.0,226761.0,0.352294586424842,-1.0,-1.0,-1.0,-1.0,5480.0,188.0,413.0,224319.0,0.9011675711231706,-1.0,-1.0,-1.0,-1.0,964.0,292.0,7519.0,221625.0,0.10985754985754986,-1.0,-1.0,-1.0,-1.0
SMu41_0826.png,215751.0,6092.0,113.0,8444.0,0.9720440087224494,-1.0,-1.0,-1.0,-1.0,6164.0,293.0,1428.0,222515.0,0.7817374762206721,-1.0,-1.0,-1.0,-1.0,0.0,0.0,0.0,230400.0,0.0,-1.0,-1.0,-1.0,-1.0,1283.0,817.0,5661.0,222639.0,0.1653137482283211,-1.0,-1.0,-1.0,-1.0
SMu41_1041.png,214327.0,4645.0,2209.0,9219.0,0.969011804811444,-1.0,-1.0,-1.0,-1.0,1532.0,906.0,916.0,227046.0,0.456768038163387,-1.0,-1.0,-1.0,-1.0,5516.0,270.0,139.0,224475.0,0.930970464135021,-1.0,-1.0,-1.0,-1.0,1258.0,1946.0,4503.0,222693.0,0.16322823407292072,-1.0,-1.0,-1.0,-1.0
SMu41_1108.png,214199.0,3168.0,1469.0,11564.0,0.9788106161691861,-1.0,-1.0,-1.0,-1.0,3954.0,3033.0,1033.0,222380.0,0.49301745635910227,-1.0,-1.0,-1.0,-1.0,1640.0,144.0,1937.0,226679.0,0.44074173609244827,-1.0,-1.0,-1.0,-1.0,3308.0,954.0,2860.0,223278.0,0.4644762707104746,-1.0,-1.0,-1.0,-1.0
SMu41_1315.png,208873.0,2083.0,5957.0,13487.0,0.962934448373311,-1.0,-1.0,-1.0,-1.0,1197.0,834.0,1161.0,227208.0,0.375,-1.0,-1.0,-1.0,-1.0,5816.0,182.0,208.0,224194.0,0.9371575894295843,-1.0,-1.0,-1.0,-1.0,5783.0,5632.0,1405.0,217580.0,0.45109204368174727,-1.0,-1.0,-1.0,-1.0
SMu41_1330.png,210644.0,1632.0,3952.0,14172.0,0.9741754074402945,-1.0,-1.0,-1.0,-1.0,1605.0,993.0,1251.0,226551.0,0.4169914263445051,-1.0,-1.0,-1.0,-1.0,5070.0,243.0,313.0,224774.0,0.9011731247778173,-1.0,-1.0,-1.0,-1.0,6445.0,3768.0,1120.0,219067.0,0.5686931968587311,-1.0,-1.0,-1.0,-1.0
SMu41_1357.png,212413.0,2416.0,1819.0,13752.0,0.9804521620324212,-1.0,-1.0,-1.0,-1.0,3297.0,1663.0,1598.0,223842.0,0.5027447392497713,-1.0,-1.0,-1.0,-1.0,2898.0,105.0,144.0,227253.0,0.9208770257387988,-1.0,-1.0,-1.0,-1.0,5818.0,1790.0,2413.0,220379.0,0.5805807803612414,-1.0,-1.0,-1.0,-1.0
SMu41_1491.png,216244.0,8399.0,8.0,5749.0,0.9625775091141371,-1.0,-1.0,-1.0,-1.0,2887.0,372.0,3357.0,223784.0,0.43636638452237003,-1.0,-1.0,-1.0,-1.0,0.0,1696.0,0.0,228704.0,0.0,-1.0,-1.0,-1.0,-1.0,689.0,113.0,7215.0,222383.0,0.08594237245852564,-1.0,-1.0,-1.0,-1.0
SMu41_1738.png,212002.0,8871.0,214.0,9313.0,0.9589075793692076,-1.0,-1.0,-1.0,-1.0,1676.0,388.0,1616.0,226720.0,0.45543478260869563,-1.0,-1.0,-1.0,-1.0,5985.0,398.0,55.0,223962.0,0.929636533084809,-1.0,-1.0,-1.0,-1.0,965.0,115.0,7887.0,221433.0,0.10761681721869075,-1.0,-1.0,-1.0,-1.0
SMu41_1764.png,211642.0,12337.0,110.0,6311.0,0.9444551048913601,-1.0,-1.0,-1.0,-1.0,1251.0,330.0,2036.0,226783.0,0.3458667403925905,-1.0,-1.0,-1.0,-1.0,4493.0,212.0,132.0,225563.0,0.9288815381434774,-1.0,-1.0,-1.0,-1.0,123.0,12.0,10613.0,219652.0,0.011443989579456642,-1.0,-1.0,-1.0,-1.0
SS1_0031.png,193909.0,6927.0,4419.0,25145.0,0.9447224184550924,-1.0,-1.0,-1.0,-1.0,7857.0,1314.0,6207.0,215022.0,0.5109246976199766,-1.0,-1.0,-1.0,-1.0,0.0,70.0,0.0,230330.0,0.0,-1.0,-1.0,-1.0,-1.0,15355.0,4968.0,2653.0,207424.0,0.6683060584958217,-1.0,-1.0,-1.0,-1.0
SS1_0056.png,195073.0,5173.0,383.0,29771.0,0.9723070941887763,-1.0,-1.0,-1.0,-1.0,12536.0,1618.0,1716.0,214530.0,0.7899180844360428,-1.0,-1.0,-1.0,-1.0,0.0,0.0,0.0,230400.0,0.0,-1.0,-1.0,-1.0,-1.0,15171.0,829.0,5521.0,208879.0,0.7049393615538312,-1.0,-1.0,-1.0,-1.0
SS1_0087.png,177225.0,4060.0,10719.0,38396.0,0.9230276452573904,-1.0,-1.0,-1.0,-1.0,14591.0,2236.0,2317.0,211256.0,0.7621709151692436,-1.0,-1.0,-1.0,-1.0,0.0,0.0,0.0,230400.0,0.0,-1.0,-1.0,-1.0,-1.0,21590.0,10698.0,3958.0,194154.0,0.5956519340065111,-1.0,-1.0,-1.0,-1.0
SS1_0108.png,185904.0,23410.0,8260.0,12826.0,0.8544403283480563,-1.0,-1.0,-1.0,-1.0,3728.0,1034.0,10904.0,214734.0,0.23796757308821653,-1.0,-1.0,-1.0,-1.0,0.0,0.0,0.0,230400.0,0.0,-1.0,-1.0,-1.0,-1.0,7929.0,8395.0,13675.0,200401.0,0.2643088102936765,-1.0,-1.0,-1.0,-1.0
SS1_0332.png,176088.0,36811.0,11448.0,6053.0,0.7848912621965081,-1.0,-1.0,-1.0,-1.0,4793.0,1478.0,11331.0,212798.0,0.27229860243154186,-1.0,-1.0,-1.0,-1.0,0.0,912.0,0.0,229488.0,0.0,-1.0,-1.0,-1.0,-1.0,470.0,9848.0,26270.0,193812.0,0.012845741773258992,-1.0,-1.0,-1.0,-1.0
SS1_0355.png,175947.0,8358.0,12537.0,33558.0,0.8938488737159752,-1.0,-1.0,-1.0,-1.0,15035.0,2751.0,1209.0,211405.0,0.7915240852856015,-1.0,-1.0,-1.0,-1.0,0.0,0.0,0.0,230400.0,0.0,-1.0,-1.0,-1.0,-1.0,15885.0,12424.0,9787.0,192304.0,0.41697291054178914,-1.0,-1.0,-1.0,-1.0
SS1_0459.png,181494.0,19125.0,13530.0,16251.0,0.8475127131109648,-1.0,-1.0,-1.0,-1.0,4181.0,1242.0,10191.0,214786.0,0.2677725118483412,-1.0,-1.0,-1.0,-1.0,0.0,0.0,0.0,230400.0,0.0,-1.0,-1.0,-1.0,-1.0,11461.0,12897.0,9543.0,196499.0,0.3380726232264535,-1.0,-1.0,-1.0,-1.0
SS1_0647.png,167410.0,21261.0,4646.0,37083.0,0.8659869540702576,-1.0,-1.0,-1.0,-1.0,26548.0,2038.0,1324.0,200490.0,0.8875961216984286,-1.0,-1.0,-1.0,-1.0,0.0,2580.0,0.0,227820.0,0.0,-1.0,-1.0,-1.0,-1.0,10255.0,308.0,20217.0,199620.0,0.33317089018843404,-1.0,-1.0,-1.0,-1.0
SS1_0682.png,179167.0,4801.0,17077.0,29355.0,0.8911785918575443,-1.0,-1.0,-1.0,-1.0,14855.0,283.0,861.0,214401.0,0.9284955309706857,-1.0,-1.0,-1.0,-1.0,0.0,0.0,0.0,230400.0,0.0,-1.0,-1.0,-1.0,-1.0,14219.0,17075.0,4221.0,194885.0,0.4003660425172462,-1.0,-1.0,-1.0,-1.0
SS2_0000.png,179480.0,4445.0,7564.0,38911.0,0.9372862148739615,-1.0,-1.0,-1.0,-1.0,22162.0,3244.0,1326.0,203668.0,0.8290438425856651,-1.0,-1.0,-1.0,-1.0,0.0,0.0,0.0,230400.0,0.0,-1.0,-1.0,-1.0,-1.0,13539.0,7530.0,6329.0,203002.0,0.49416015767574273,-1.0,-1.0,-1.0,-1.0
SS2_0035.png,180150.0,12346.0,6722.0,31182.0,0.9042857573110864,-1.0,-1.0,-1.0,-1.0,21833.0,832.0,3399.0,204336.0,0.8376688152240639,-1.0,-1.0,-1.0,-1.0,0.0,0.0,0.0,230400.0,0.0,-1.0,-1.0,-1.0,-1.0,9349.0,5890.0,8947.0,206214.0,0.3865459356652609,-1.0,-1.0,-1.0,-1.0
SS2_0052.png,175809.0,8358.0,7579.0,38654.0,0.916884837232589,-1.0,-1.0,-1.0,-1.0,34397.0,942.0,2551.0,192510.0,0.9078120876220639,-1.0,-1.0,-1.0,-1.0,0.0,0.0,0.0,230400.0,0.0,-1.0,-1.0,-1.0,-1.0,4085.0,6809.0,5979.0,213527.0,0.24210276773543532,-1.0,-1.0,-1.0,-1.0
SS2_0183.png,180266.0,4845.0,10106.0,35183.0,0.923413432231824,-1.0,-1.0,-1.0,-1.0,25763.0,1011.0,1409.0,202217.0,0.9141326331476421,-1.0,-1.0,-1.0,-1.0,0.0,0.0,0.0,230400.0,0.0,-1.0,-1.0,-1.0,-1.0,9223.0,9292.0,3633.0,208252.0,0.4164258623803504,-1.0,-1.0,-1.0,-1.0
SS2_0217.png,183152.0,3911.0,9068.0,34269.0,0.9338248415599778,-1.0,-1.0,-1.0,-1.0,24013.0,264.0,3991.0,202132.0,0.849476439790576,-1.0,-1.0,-1.0,-1.0,0.0,0.0,0.0,230400.0,0.0,-1.0,-1.0,-1.0,-1.0,8508.0,10552.0,1668.0,209672.0,0.4104592821304516,-1.0,-1.0,-1.0,-1.0
SS2_0244.png,185727.0,11936.0,13525.0,19212.0,0.879439172680266,-1.0,-1.0,-1.0,-1.0,11296.0,867.0,6624.0,211613.0,0.6012668334486613,-1.0,-1.0,-1.0,-1.0,0.0,0.0,0.0,230400.0,0.0,-1.0,-1.0,-1.0,-1.0,7626.0,12948.0,5602.0,204224.0,0.29133557457212717,-1.0,-1.0,-1.0,-1.0
SS2_0451.png,187414.0,2028.0,12670.0,28288.0,0.9272779449018366,-1.0,-1.0,-1.0,-1.0,11633.0,3089.0,1239.0,214439.0,0.7288390451726082,-1.0,-1.0,-1.0,-1.0,0.0,0.0,0.0,230400.0,0.0,-1.0,-1.0,-1.0,-1.0,13766.0,12470.0,3678.0,200486.0,0.4601858661496289,-1.0,-1.0,-1.0,-1.0
SS2_0640.png,174453.0,7698.0,3867.0,44382.0,0.9378285972325259,-1.0,-1.0,-1.0,-1.0,32491.0,1690.0,1529.0,194690.0,0.9098571828619434,-1.0,-1.0,-1.0,-1.0,0.0,0.0,0.0,230400.0,0.0,-1.0,-1.0,-1.0,-1.0,10813.0,3255.0,7247.0,209085.0,0.5072953319258738,-1.0,-1.0,-1.0,-1.0
SS2_0656.png,180516.0,6319.0,1008.0,42557.0,0.9609940216031473,-1.0,-1.0,-1.0,-1.0,31813.0,352.0,3723.0,194512.0,0.8864522960320999,-1.0,-1.0,-1.0,-1.0,0.0,0.0,0.0,230400.0,0.0,-1.0,-1.0,-1.0,-1.0,10429.0,971.0,2911.0,216089.0,0.7287401299699532,-1.0,-1.0,-1.0,-1.0
SS2_0724.png,188707.0,2824.0,13725.0,25144.0,0.91937385508828,-1.0,-1.0,-1.0,-1.0,19362.0,5610.0,1022.0,204406.0,0.7448641994306379,-1.0,-1.0,-1.0,-1.0,0.0,0.0,0.0,230400.0,0.0,-1.0,-1.0,-1.0,-1.0,5394.0,8503.0,2190.0,214313.0,0.3353017964816311,-1.0,-1.0,-1.0,-1.0
SS2_0775.png,173607.0,14889.0,11509.0,30395.0,0.8680132996675083,-1.0,-1.0,-1.0,-1.0,24249.0,2139.0,5255.0,198757.0,0.766330626046835,-1.0,-1.0,-1.0,-1.0,0.0,0.0,0.0,230400.0,0.0,-1.0,-1.0,-1.0,-1.0,5912.0,9604.0,9868.0,205016.0,0.2329026158209896,-1.0,-1.0,-1.0,-1.0
SS2_0889.png,184642.0,8578.0,10382.0,26798.0,0.9068771426606811,-1.0,-1.0,-1.0,-1.0,17206.0,1194.0,2210.0,209790.0,0.8348374575448811,-1.0,-1.0,-1.0,-1.0,0.0,0.0,0.0,230400.0,0.0,-1.0,-1.0,-1.0,-1.0,9135.0,9645.0,6825.0,204795.0,0.35676625659050965,-1.0,-1.0,-1.0,-1.0
SS3_0151.png,173346.0,16644.0,898.0,39512.0,0.9081031809228448,-1.0,-1.0,-1.0,-1.0,29216.0,1249.0,7436.0,192499.0,0.7708503733410728,-1.0,-1.0,-1.0,-1.0,0.0,0.0,0.0,230400.0,0.0,-1.0,-1.0,-1.0,-1.0,9579.0,366.0,9925.0,210530.0,0.48208354302969303,-1.0,-1.0,-1.0,-1.0
SS3_0174.png,180586.0,24422.0,1510.0,23882.0,0.8744322528786836,-1.0,-1.0,-1.0,-1.0,16844.0,977.0,17908.0,194671.0,0.47143776763973244,-1.0,-1.0,-1.0,-1.0,0.0,0.0,0.0,230400.0,0.0,-1.0,-1.0,-1.0,-1.0,6935.0,636.0,6617.0,216212.0,0.48879334648999156,-1.0,-1.0,-1.0,-1.0
SS3_0199.png,182310.0,21922.0,1306.0,24862.0,0.8869892671914682,-1.0,-1.0,-1.0,-1.0,16142.0,1638.0,13702.0,198918.0,0.5127374372657392,-1.0,-1.0,-1.0,-1.0,0.0,0.0,0.0,230400.0,0.0,-1.0,-1.0,-1.0,-1.0,8169.0,219.0,8771.0,213241.0,0.47607669444606326,-1.0,-1.0,-1.0,-1.0
SS3_0276.png,173763.0,4573.0,3389.0,48675.0,0.9561865456046224,-1.0,-1.0,-1.0,-1.0,31881.0,5868.0,3043.0,189608.0,0.7815503039811728,-1.0,-1.0,-1.0,-1.0,0.0,0.0,0.0,230400.0,0.0,-1.0,-1.0,-1.0,-1.0,12615.0,1700.0,5709.0,210376.0,0.6299940071913703,-1.0,-1.0,-1.0,-1.0
SS3_0361.png,186035.0,6708.0,1041.0,36616.0,0.9600121785080296,-1.0,-1.0,-1.0,-1.0,27644.0,1201.0,2808.0,198747.0,0.8733453385145168,-1.0,-1.0,-1.0,-1.0,0.0,0.0,0.0,230400.0,0.0,-1.0,-1.0,-1.0,-1.0,8556.0,256.0,4316.0,217272.0,0.6517367458866545,-1.0,-1.0,-1.0,-1.0
SS3_0460.png,185347.0,11812.0,1809.0,31432.0,0.9315417554581641,-1.0,-1.0,-1.0,-1.0,26743.0,612.0,3457.0,199588.0,0.8679410619239257,-1.0,-1.0,-1.0,-1.0,0.0,0.0,0.0,230400.0,0.0,-1.0,-1.0,-1.0,-1.0,4347.0,1539.0,8697.0,215817.0,0.298086813412878,-1.0,-1.0,-1.0,-1.0
SS3_0604.png,199830.0,2647.0,1082.0,26841.0,0.9816809868391965,-1.0,-1.0,-1.0,-1.0,19085.0,233.0,2387.0,208695.0,0.8792904860631191,-1.0,-1.0,-1.0,-1.0,0.0,0.0,0.0,230400.0,0.0,-1.0,-1.0,-1.0,-1.0,6845.0,1760.0,1171.0,220624.0,0.700184124386252,-1.0,-1.0,-1.0,-1.0
SS3_0782.png,181037.0,3997.0,1455.0,43911.0,0.9707650317176885,-1.0,-1.0,-1.0,-1.0,29567.0,3424.0,1521.0,195888.0,0.8567165044042652,-1.0,-1.0,-1.0,-1.0,0.0,0.0,0.0,230400.0,0.0,-1.0,-1.0,-1.0,-1.0,11752.0,623.0,5068.0,212957.0,0.6737373158286992,-1.0,-1.0,-1.0,-1.0
ShSu10_0270.png,196925.0,19019.0,23.0,14433.0,0.9118291220417934,-1.0,-1.0,-1.0,-1.0,13543.0,913.0,6709.0,209235.0,0.6398771556815497,-1.0,-1.0,-1.0,-1.0,0.0,0.0,0.0,230400.0,0.0,-1.0,-1.0,-1.0,-1.0,0.0,0.0,13200.0,217200.0,0.0,-1.0,-1.0,-1.0,-1.0
ShSu10_0295.png,196554.0,7823.0,798.0,25225.0,0.9579822103082735,-1.0,-1.0,-1.0,-1.0,19200.0,1359.0,892.0,208949.0,0.8950631672183115,-1.0,-1.0,-1.0,-1.0,0.0,0.0,0.0,230400.0,0.0,-1.0,-1.0,-1.0,-1.0,5189.0,275.0,7767.0,217169.0,0.3921850200287204,-1.0,-1.0,-1.0,-1.0
ShSu10_0327.png,193358.0,10538.0,594.0,25910.0,0.9455621301775148,-1.0,-1.0,-1.0,-1.0,21903.0,834.0,1601.0,206062.0,0.8999506943873777,-1.0,-1.0,-1.0,-1.0,0.0,0.0,0.0,230400.0,0.0,-1.0,-1.0,-1.0,-1.0,3477.0,290.0,9467.0,217166.0,0.2627323560525918,-1.0,-1.0,-1.0,-1.0
ShSu10_0992.png,197080.0,33320.0,0.0,0.0,0.8553819444444445,-1.0,-1.0,-1.0,-1.0,0.0,0.0,19812.0,210588.0,0.0,-1.0,-1.0,-1.0,-1.0,0.0,0.0,0.0,230400.0,0.0,-1.0,-1.0,-1.0,-1.0,0.0,0.0,13508.0,216892.0,0.0,-1.0,-1.0,-1.0,-1.0
ShSu10_1075.png,196064.0,14926.0,1496.0,17914.0,0.92271490827631,-1.0,-1.0,-1.0,-1.0,8878.0,1124.0,13194.0,207204.0,0.3827384031729609,-1.0,-1.0,-1.0,-1.0,0.0,0.0,0.0,230400.0,0.0,-1.0,-1.0,-1.0,-1.0,8097.0,1311.0,2671.0,218321.0,0.6703369484228827,-1.0,-1.0,-1.0,-1.0
ShSu10_1141.png,192702.0,12126.0,642.0,24930.0,0.9378595415389108,-1.0,-1.0,-1.0,-1.0,22554.0,1234.0,914.0,205698.0,0.9130434782608695,-1.0,-1.0,-1.0,-1.0,0.0,0.0,0.0,230400.0,0.0,-1.0,-1.0,-1.0,-1.0,1658.0,126.0,11930.0,216686.0,0.12089835204900103,-1.0,-1.0,-1.0,-1.0
ShSu10_1317.png,194842.0,35544.0,14.0,0.0,0.8456684027777778,-1.0,-1.0,-1.0,-1.0,0.0,0.0,20004.0,210396.0,0.0,-1.0,-1.0,-1.0,-1.0,0.0,0.0,0.0,230400.0,0.0,-1.0,-1.0,-1.0,-1.0,0.0,14.0,15540.0,214846.0,0.0,-1.0,-1.0,-1.0,-1.0
ShSu10_1630.png,192041.0,37407.0,31.0,921.0,0.8368565315344759,-1.0,-1.0,-1.0,-1.0,544.0,54.0,19828.0,209974.0,0.026632723000097915,-1.0,-1.0,-1.0,-1.0,0.0,0.0,0.0,230400.0,0.0,-1.0,-1.0,-1.0,-1.0,350.0,4.0,17606.0,212440.0,0.019487750556792874,-1.0,-1.0,-1.0,-1.0
ShSu10_1808.png,185228.0,45172.0,0.0,0.0,0.8039409722222223,-1.0,-1.0,-1.0,-1.0,0.0,0.0,24952.0,205448.0,0.0,-1.0,-1.0,-1.0,-1.0,0.0,0.0,0.0,230400.0,0.0,-1.0,-1.0,-1.0,-1.0,0.0,0.0,20220.0,210180.0,0.0,-1.0,-1.0,-1.0,-1.0
ShSu12_0746.png,184981.0,6315.0,10239.0,28865.0,0.9178604212667775,-1.0,-1.0,-1.0,-1.0,24483.0,2512.0,3785.0,199620.0,0.7954191033138401,-1.0,-1.0,-1.0,-1.0,0.0,0.0,0.0,230400.0,0.0,-1.0,-1.0,-1.0,-1.0,3265.0,8844.0,3647.0,214644.0,0.20722264534145723,-1.0,-1.0,-1.0,-1.0
ShSu12_1415.png,191725.0,12864.0,6747.0,19064.0,0.9072046409509028,-1.0,-1.0,-1.0,-1.0,18978.0,388.0,7706.0,203328.0,0.7010195035460993,-1.0,-1.0,-1.0,-1.0,0.0,0.0,0.0,230400.0,0.0,-1.0,-1.0,-1.0,-1.0,0.0,6445.0,5244.0,218711.0,0.0,-1.0,-1.0,-1.0,-1.0
ShSu12_1536.png,184391.0,10581.0,9221.0,26207.0,0.9030231202832614,-1.0,-1.0,-1.0,-1.0,21844.0,429.0,7576.0,200551.0,0.7318168112834601,-1.0,-1.0,-1.0,-1.0,0.0,0.0,0.0,230400.0,0.0,-1.0,-1.0,-1.0,-1.0,3947.0,9208.0,3421.0,213824.0,0.2381153474903475,-1.0,-1.0,-1.0,-1.0
ShSu12_1846.png,190173.0,18326.0,8727.0,13174.0,0.8754615009253036,-1.0,-1.0,-1.0,-1.0,13013.0,172.0,13355.0,203860.0,0.49031650339110777,-1.0,-1.0,-1.0,-1.0,0.0,0.0,0.0,230400.0,0.0,-1.0,-1.0,-1.0,-1.0,161.0,8555.0,4971.0,216713.0,0.011762986775772631,-1.0,-1.0,-1.0,-1.0
ShSu13_0414.png,204693.0,24541.0,83.0,1083.0,0.8926202592917228,-1.0,-1.0,-1.0,-1.0,432.0,78.0,17916.0,211974.0,0.023445131878866817,-1.0,-1.0,-1.0,-1.0,0.0,0.0,0.0,230400.0,0.0,-1.0,-1.0,-1.0,-1.0,588.0,68.0,6688.0,223056.0,0.08006535947712418,-1.0,-1.0,-1.0,-1.0
ShSu13_0651.png,199730.0,12324.0,1318.0,17028.0,0.9360647132707197,-1.0,-1.0,-1.0,-1.0,13543.0,1556.0,7293.0,208008.0,0.6048142193640585,-1.0,-1.0,-1.0,-1.0,0.0,0.0,0.0,230400.0,0.0,-1.0,-1.0,-1.0,-1.0,2574.0,673.0,5942.0,221211.0,0.2801175318315377,-1.0,-1.0,-1.0,-1.0
ShSu13_1572.png,204957.0,9828.0,299.0,15316.0,0.9529160700005579,-1.0,-1.0,-1.0,-1.0,14036.0,751.0,5308.0,210305.0,0.698482209504852,-1.0,-1.0,-1.0,-1.0,0.0,0.0,0.0,230400.0,0.0,-1.0,-1.0,-1.0,-1.0,822.0,6.0,4978.0,224594.0,0.14157767826386497,-1.0,-1.0,-1.0,-1.0
SiS1_0000.png,184055.0,4802.0,397.0,41146.0,0.9725289822143786,-1.0,-1.0,-1.0,-1.0,28685.0,296.0,4455.0,196964.0,0.8579076444550784,-1.0,-1.0,-1.0,-1.0,0.0,0.0,0.0,230400.0,0.0,-1.0,-1.0,-1.0,-1.0,12044.0,518.0,764.0,217074.0,0.9037970883986193,-1.0,-1.0,-1.0,-1.0
SiS1_0029.png,182856.0,26679.0,212.0,20653.0,0.8717931603312562,-1.0,-1.0,-1.0,-1.0,14076.0,2872.0,21988.0,191464.0,0.36151633449763715,-1.0,-1.0,-1.0,-1.0,0.0,0.0,0.0,230400.0,0.0,-1.0,-1.0,-1.0,-1.0,3715.0,202.0,7553.0,218930.0,0.3238884045335658,-1.0,-1.0,-1.0,-1.0
SiS1_0108.png,188006.0,13579.0,470.0,28345.0,0.9304694266412611,-1.0,-1.0,-1.0,-1.0,19912.0,9.0,9768.0,200711.0,0.670686112701674,-1.0,-1.0,-1.0,-1.0,0.0,0.0,0.0,230400.0,0.0,-1.0,-1.0,-1.0,-1.0,8292.0,602.0,3952.0,217554.0,0.64549276039234,-1.0,-1.0,-1.0,-1.0
SiS1_0143.png,182643.0,2847.0,1777.0,43133.0,0.9753079827198599,-1.0,-1.0,-1.0,-1.0,28775.0,801.0,2041.0,198783.0,0.9101116487965335,-1.0,-1.0,-1.0,-1.0,0.0,0.0,0.0,230400.0,0.0,-1.0,-1.0,-1.0,-1.0,13998.0,1336.0,1166.0,213900.0,0.8483636363636363,-1.0,-1.0,-1.0,-1.0
SiS1_0290.png,182761.0,10308.0,1655.0,35676.0,0.938564326944804,-1.0,-1.0,-1.0,-1.0,27090.0,1353.0,2830.0,199127.0,0.8662424455600678,-1.0,-1.0,-1.0,-1.0,0.0,0.0,0.0,230400.0,0.0,-1.0,-1.0,-1.0,-1.0,8463.0,425.0,7601.0,213911.0,0.5132512584147008,-1.0,-1.0,-1.0,-1.0
SiS1_0398.png,195277.0,3909.0,1427.0,29787.0,0.9734015243279349,-1.0,-1.0,-1.0,-1.0,10536.0,637.0,3556.0,215671.0,0.7153235114400163,-1.0,-1.0,-1.0,-1.0,0.0,0.0,0.0,230400.0,0.0,-1.0,-1.0,-1.0,-1.0,18195.0,1846.0,1409.0,208950.0,0.8482517482517482,-1.0,-1.0,-1.0,-1.0
SiS1_0502.png,181279.0,3990.0,3285.0,41846.0,0.9614168885306066,-1.0,-1.0,-1.0,-1.0,24898.0,2592.0,3010.0,199900.0,0.816327868852459,-1.0,-1.0,-1.0,-1.0,0.0,0.0,0.0,230400.0,0.0,-1.0,-1.0,-1.0,-1.0,16435.0,1206.0,1493.0,211266.0,0.8589421971359883,-1.0,-1.0,-1.0,-1.0
SiS1_0589.png,196365.0,13399.0,3747.0,16889.0,0.9196950040044776,-1.0,-1.0,-1.0,-1.0,256.0,2659.0,9500.0,217985.0,0.020620217478856222,-1.0,-1.0,-1.0,-1.0,0.0,0.0,0.0,230400.0,0.0,-1.0,-1.0,-1.0,-1.0,14217.0,3504.0,6315.0,206364.0,0.5914877683474787,-1.0,-1.0,-1.0,-1.0
SiS1_0823.png,183230.0,3734.0,598.0,42838.0,0.9769036371973001,-1.0,-1.0,-1.0,-1.0,34446.0,390.0,3126.0,192438.0,0.9073810652758021,-1.0,-1.0,-1.0,-1.0,0.0,0.0,0.0,230400.0,0.0,-1.0,-1.0,-1.0,-1.0,8141.0,459.0,859.0,220941.0,0.8606618035733165,-1.0,-1.0,-1.0,-1.0
SiS1_0842.png,172091.0,6465.0,1137.0,50707.0,0.9576945123071016,-1.0,-1.0,-1.0,-1.0,33009.0,626.0,4215.0,192550.0,0.8721003963011889,-1.0,-1.0,-1.0,-1.0,0.0,0.0,0.0,230400.0,0.0,-1.0,-1.0,-1.0,-1.0,17230.0,979.0,2718.0,209473.0,0.8233382711329861,-1.0,-1.0,-1.0,-1.0
SiS1_0864.png,188044.0,25250.0,1592.0,15514.0,0.8750872555680687,-1.0,-1.0,-1.0,-1.0,14618.0,1525.0,3094.0,211163.0,0.7598897957061912,-1.0,-1.0,-1.0,-1.0,0.0,0.0,0.0,230400.0,0.0,-1.0,-1.0,-1.0,-1.0,749.0,214.0,22303.0,207134.0,0.03219289951001461,-1.0,-1.0,-1.0,-1.0
