Image,TP0,FP0,FN0,TN0,IOU0,TPw0,FPw0,FNw0,FWB0,TP1,FP1,FN1,TN1,IOU1,TPw1,FPw1,FNw1,FWB1,TP2,FP2,FN2,TN2,IOU2,TPw2,FPw2,FNw2,FWB2
000000_0195.png,30814.0,3.0,197028.0,2555.0,0.13524106300335756,-1.0,-1.0,-1.0,-1.0,2024.0,197099.0,0.0,31277.0,0.01016457164667065,-1.0,-1.0,-1.0,-1.0,446.0,14.0,88.0,229852.0,0.8138686131386861,-1.0,-1.0,-1.0,-1.0
000001_0077.png,107103.0,2954.0,92525.0,27818.0,0.5286896170439624,-1.0,-1.0,-1.0,-1.0,27818.0,91140.0,2954.0,108488.0,0.22818098300413414,-1.0,-1.0,-1.0,-1.0,0.0,1385.0,0.0,229015.0,0.0,-1.0,-1.0,-1.0,-1.0
000005_0128.png,78330.0,1848.0,128050.0,22172.0,0.37617419367232074,-1.0,-1.0,-1.0,-1.0,22172.0,128050.0,1848.0,78330.0,0.14580127572828303,-1.0,-1.0,-1.0,-1.0,0.0,0.0,0.0,230400.0,0.0,-1.0,-1.0,-1.0,-1.0
000006_0244.png,84156.0,216.0,141747.0,4281.0,0.372175712788399,-1.0,-1.0,-1.0,-1.0,3402.0,142024.0,192.0,84782.0,0.023362496394676482,-1.0,-1.0,-1.0,-1.0,583.0,19.0,320.0,229478.0,0.6323210412147505,-1.0,-1.0,-1.0,-1.0
000007_0179.png,111804.0,95.0,113531.0,4970.0,0.49595883422792,-1.0,-1.0,-1.0,-1.0,4035.0,112712.0,26.0,113627.0,0.034554220581812574,-1.0,-1.0,-1.0,-1.0,501.0,1253.0,503.0,228143.0,0.22197607443509082,-1.0,-1.0,-1.0,-1.0
000008_0096.png,165139.0,104.0,38800.0,26357.0,0.8093343069843121,-1.0,-1.0,-1.0,-1.0,26357.0,38800.0,104.0,165139.0,0.4038706118508757,-1.0,-1.0,-1.0,-1.0,0.0,0.0,0.0,230400.0,0.0,-1.0,-1.0,-1.0,-1.0
000008_0128_test.png,57901.0,32.0,159295.0,13172.0,0.26654482847515054,-1.0,-1.0,-1.0,-1.0,13172.0,159295.0,32.0,57901.0,0.07635986295572728,-1.0,-1.0,-1.0,-1.0,0.0,0.0,0.0,230400.0,0.0,-1.0,-1.0,-1.0,-1.0
000011_0116_test.png,79906.0,82.0,136585.0,13827.0,0.3689564257779132,-1.0,-1.0,-1.0,-1.0,13827.0,136535.0,82.0,79956.0,0.09190795246071629,-1.0,-1.0,-1.0,-1.0,0.0,50.0,0.0,230350.0,0.0,-1.0,-1.0,-1.0,-1.0
000011_0290.png,222951.0,810.0,5984.0,655.0,0.9704280833097565,-1.0,-1.0,-1.0,-1.0,466.0,6173.0,545.0,223216.0,0.0648663697104677,-1.0,-1.0,-1.0,-1.0,0.0,0.0,454.0,229946.0,0.0,-1.0,-1.0,-1.0,-1.0
000012_0111.png,135779.0,160.0,90484.0,3977.0,0.5996696448682334,-1.0,-1.0,-1.0,-1.0,3220.0,90658.0,74.0,136448.0,0.03427282016348774,-1.0,-1.0,-1.0,-1.0,583.0,0.0,260.0,229557.0,0.6915776986951364,-1.0,-1.0,-1.0,-1.0
000014_0070.png,64245.0,26.0,158401.0,7728.0,0.2885185384781203,-1.0,-1.0,-1.0,-1.0,7728.0,158401.0,26.0,64245.0,0.04651078811952695,-1.0,-1.0,-1.0,-1.0,0.0,0.0,0.0,230400.0,0.0,-1.0,-1.0,-1.0,-1.0
000015_0081_test.png,127254.0,2374.0,85759.0,15013.0,0.5908156016844099,-1.0,-1.0,-1.0,-1.0,15013.0,85555.0,2374.0,127458.0,0.14583940471333373,-1.0,-1.0,-1.0,-1.0,0.0,204.0,0.0,230196.0,0.0,-1.0,-1.0,-1.0,-1.0
000015_0121.png,80770.0,7.0,147317.0,2306.0,0.3541083939077749,-1.0,-1.0,-1.0,-1.0,1664.0,146777.0,11.0,81948.0,0.01120901031983402,-1.0,-1.0,-1.0,-1.0,229.0,953.0,409.0,228809.0,0.14393463230672532,-1.0,-1.0,-1.0,-1.0
000020_0526.png,217329.0,1654.0,10000.0,1417.0,0.9491053921033439,-1.0,-1.0,-1.0,-1.0,1382.0,9955.0,1324.0,217739.0,0.10915409525313956,-1.0,-1.0,-1.0,-1.0,0.0,80.0,365.0,229955.0,0.0,-1.0,-1.0,-1.0,-1.0
000021_0226.png,203738.0,35.0,22888.0,3739.0,0.8988665893117916,-1.0,-1.0,-1.0,-1.0,2664.0,22758.0,57.0,204921.0,0.1045566937477923,-1.0,-1.0,-1.0,-1.0,982.0,223.0,71.0,229124.0,0.7695924764890282,-1.0,-1.0,-1.0,-1.0
000023_0473_test.png,166515.0,2624.0,58342.0,2919.0,0.7319951995990874,-1.0,-1.0,-1.0,-1.0,2093.0,58736.0,2560.0,167011.0,0.0330183470318194,-1.0,-1.0,-1.0,-1.0,0.0,432.0,890.0,229078.0,0.0,-1.0,-1.0,-1.0,-1.0
000024_0114.png,208081.0,439.0,16803.0,5077.0,0.9234787394096475,-1.0,-1.0,-1.0,-1.0,5077.0,16803.0,439.0,208081.0,0.22747434920919396,-1.0,-1.0,-1.0,-1.0,0.0,0.0,0.0,230400.0,0.0,-1.0,-1.0,-1.0,-1.0
000025_0211.png,208840.0,1532.0,18574.0,1454.0,0.9121801647550077,-1.0,-1.0,-1.0,-1.0,1055.0,14211.0,1677.0,213457.0,0.0622676031399398,-1.0,-1.0,-1.0,-1.0,200.0,4562.0,54.0,225584.0,0.04152823920265781,-1.0,-1.0,-1.0,-1.0
000028_0267_test.png,223150.0,7250.0,0.0,0.0,0.9685329861111112,-1.0,-1.0,-1.0,-1.0,0.0,0.0,6192.0,224208.0,0.0,-1.0,-1.0,-1.0,-1.0,0.0,0.0,1058.0,229342.0,0.0,-1.0,-1.0,-1.0,-1.0
000030_0118.png,66321.0,0.0,158520.0,5559.0,0.2949684443673529,-1.0,-1.0,-1.0,-1.0,4994.0,159085.0,0.0,66321.0,0.03043655799950024,-1.0,-1.0,-1.0,-1.0,0.0,0.0,565.0,229835.0,0.0,-1.0,-1.0,-1.0,-1.0
000034_0107_test.png,90647.0,2174.0,134436.0,3143.0,0.3988744021086259,-1.0,-1.0,-1.0,-1.0,3009.0,134570.0,1669.0,91152.0,0.021608927955877284,-1.0,-1.0,-1.0,-1.0,0.0,0.0,639.0,229761.0,0.0,-1.0,-1.0,-1.0,-1.0
000035_0233.png,163523.0,13.0,64545.0,2319.0,0.7169514339204055,-1.0,-1.0,-1.0,-1.0,1736.0,64740.0,11.0,163913.0,0.026110367440251477,-1.0,-1.0,-1.0,-1.0,351.0,37.0,234.0,229778.0,0.5643086816720257,-1.0,-1.0,-1.0,-1.0
000036_0076.png,55490.0,58.0,173293.0,1559.0,0.24248277188091294,-1.0,-1.0,-1.0,-1.0,723.0,167662.0,36.0,61979.0,0.004292813841504326,-1.0,-1.0,-1.0,-1.0,0.0,6467.0,858.0,223075.0,0.0,-1.0,-1.0,-1.0,-1.0
000037_0324.png,205562.0,1942.0,22440.0,456.0,0.8939654872490693,-1.0,-1.0,-1.0,-1.0,133.0,22485.0,1569.0,206213.0,0.0054988216810683424,-1.0,-1.0,-1.0,-1.0,278.0,0.0,418.0,229704.0,0.3994252873563218,-1.0,-1.0,-1.0,-1.0
000041_0047.png,130210.0,97.0,97458.0,2635.0,0.5716857287116106,-1.0,-1.0,-1.0,-1.0,1568.0,97906.0,132.0,130794.0,0.015742023572877135,-1.0,-1.0,-1.0,-1.0,575.0,44.0,457.0,229324.0,0.5343866171003717,-1.0,-1.0,-1.0,-1.0
000047_0047.png,192888.0,2783.0,33574.0,1155.0,0.841405483216646,-1.0,-1.0,-1.0,-1.0,1155.0,29586.0,2783.0,196876.0,0.0344529292447202,-1.0,-1.0,-1.0,-1.0,0.0,3988.0,0.0,226412.0,0.0,-1.0,-1.0,-1.0,-1.0
000048_0328_test.png,44371.0,401.0,179198.0,6430.0,0.1981113541992231,-1.0,-1.0,-1.0,-1.0,5550.0,180078.0,238.0,44534.0,0.029860221880279342,-1.0,-1.0,-1.0,-1.0,0.0,0.0,1043.0,229357.0,0.0,-1.0,-1.0,-1.0,-1.0
000049_0083.png,42173.0,0.0,183124.0,5103.0,0.18718846677940673,-1.0,-1.0,-1.0,-1.0,4017.0,183963.0,0.0,42420.0,0.02136929460580913,-1.0,-1.0,-1.0,-1.0,247.0,0.0,839.0,229314.0,0.2274401473296501,-1.0,-1.0,-1.0,-1.0
000054_0144.png,68674.0,166.0,157084.0,4476.0,0.30396947646111083,-1.0,-1.0,-1.0,-1.0,2848.0,157813.0,106.0,69633.0,0.01771507834319232,-1.0,-1.0,-1.0,-1.0,899.0,0.0,789.0,228712.0,0.5325829383886256,-1.0,-1.0,-1.0,-1.0
000054_0391_test.png,118054.0,2492.0,107171.0,2683.0,0.5184241844043265,-1.0,-1.0,-1.0,-1.0,2529.0,107325.0,1668.0,118878.0,0.022677139936514767,-1.0,-1.0,-1.0,-1.0,0.0,0.0,978.0,229422.0,0.0,-1.0,-1.0,-1.0,-1.0
000055_0260.png,223661.0,585.0,1057.0,5097.0,0.9927120366794938,-1.0,-1.0,-1.0,-1.0,4152.0,1113.0,540.0,224595.0,0.7152454780361757,-1.0,-1.0,-1.0,-1.0,848.0,41.0,142.0,229369.0,0.8225024248302619,-1.0,-1.0,-1.0,-1.0
000058_0473.png,103160.0,350.0,123548.0,3342.0,0.4543332540584344,-1.0,-1.0,-1.0,-1.0,2598.0,123737.0,357.0,103708.0,0.02050642503078332,-1.0,-1.0,-1.0,-1.0,354.0,201.0,383.0,229462.0,0.3773987206823028,-1.0,-1.0,-1.0,-1.0
000060_0228_test.png,183139.0,812.0,38809.0,7640.0,0.8221359310468666,-1.0,-1.0,-1.0,-1.0,4825.0,40387.0,1893.0,183295.0,0.1024307398365354,-1.0,-1.0,-1.0,-1.0,0.0,1237.0,1734.0,227429.0,0.0,-1.0,-1.0,-1.0,-1.0
000061_0118.png,91893.0,0.0,126222.0,12285.0,0.42130527474038926,-1.0,-1.0,-1.0,-1.0,12285.0,126222.0,0.0,91893.0,0.08869587818666205,-1.0,-1.0,-1.0,-1.0,0.0,0.0,0.0,230400.0,0.0,-1.0,-1.0,-1.0,-1.0
000062_0493_test.png,188411.0,1940.0,36135.0,3914.0,0.8318880637213779,-1.0,-1.0,-1.0,-1.0,2557.0,36450.0,1781.0,189612.0,0.06269000686476414,-1.0,-1.0,-1.0,-1.0,958.0,84.0,558.0,228800.0,0.59875,-1.0,-1.0,-1.0,-1.0
000063_0073.png,102317.0,44.0,121872.0,6167.0,0.4562976903488782,-1.0,-1.0,-1.0,-1.0,6167.0,121089.0,44.0,103100.0,0.048444619010212096,-1.0,-1.0,-1.0,-1.0,0.0,783.0,0.0,229617.0,0.0,-1.0,-1.0,-1.0,-1.0
000067_0217.png,137252.0,70.0,88306.0,4772.0,0.6083110252273654,-1.0,-1.0,-1.0,-1.0,3359.0,79527.0,70.0,147444.0,0.040491344809296496,-1.0,-1.0,-1.0,-1.0,1227.0,8965.0,186.0,220022.0,0.11823087300057815,-1.0,-1.0,-1.0,-1.0
000067_0282_test.png,84862.0,0.0,138710.0,6828.0,0.37957347073873293,-1.0,-1.0,-1.0,-1.0,6117.0,139421.0,0.0,84862.0,0.04203026013824568,-1.0,-1.0,-1.0,-1.0,0.0,0.0,711.0,229689.0,0.0,-1.0,-1.0,-1.0,-1.0
000069_0242_test.png,143382.0,374.0,80500.0,6144.0,0.6393675085616438,-1.0,-1.0,-1.0,-1.0,5165.0,81479.0,117.0,143639.0,0.05953135625453833,-1.0,-1.0,-1.0,-1.0,0.0,0.0,1236.0,229164.0,0.0,-1.0,-1.0,-1.0,-1.0
000070_0125_test.png,209573.0,852.0,15184.0,4791.0,0.9289212753037335,-1.0,-1.0,-1.0,-1.0,3645.0,5728.0,888.0,220139.0,0.35522853523048437,-1.0,-1.0,-1.0,-1.0,1001.0,9601.0,109.0,219689.0,0.09345532630006535,-1.0,-1.0,-1.0,-1.0
000070_0215.png,174369.0,293.0,53650.0,2088.0,0.7637312099232629,-1.0,-1.0,-1.0,-1.0,1457.0,54138.0,282.0,174523.0,0.026075129301859443,-1.0,-1.0,-1.0,-1.0,143.0,0.0,499.0,229758.0,0.22274143302180685,-1.0,-1.0,-1.0,-1.0
000071_0314_test.png,216706.0,438.0,7369.0,5887.0,0.965226957904442,-1.0,-1.0,-1.0,-1.0,4297.0,7346.0,685.0,218072.0,0.3485561323815704,-1.0,-1.0,-1.0,-1.0,1032.0,581.0,311.0,228476.0,0.5363825363825364,-1.0,-1.0,-1.0,-1.0
000075_0146.png,207946.0,2658.0,19796.0,0.0,0.9025434027777778,-1.0,-1.0,-1.0,-1.0,0.0,17892.0,2345.0,210163.0,0.0,-1.0,-1.0,-1.0,-1.0,0.0,1904.0,313.0,228183.0,0.0,-1.0,-1.0,-1.0,-1.0
000077_0076.png,56269.0,1793.0,170390.0,1948.0,0.24630556966014744,-1.0,-1.0,-1.0,-1.0,1607.0,170731.0,1793.0,56269.0,0.009228684151587023,-1.0,-1.0,-1.0,-1.0,0.0,0.0,341.0,230059.0,0.0,-1.0,-1.0,-1.0,-1.0
000080_0134.png,75380.0,38.0,141517.0,13465.0,0.347477354968078,-1.0,-1.0,-1.0,-1.0,13465.0,141517.0,38.0,75380.0,0.08685976003096375,-1.0,-1.0,-1.0,-1.0,0.0,0.0,0.0,230400.0,0.0,-1.0,-1.0,-1.0,-1.0
000082_0126_test.png,176283.0,515.0,39539.0,14063.0,0.8148536773644822,-1.0,-1.0,-1.0,-1.0,14063.0,39539.0,515.0,176283.0,0.2598628896649851,-1.0,-1.0,-1.0,-1.0,0.0,0.0,0.0,230400.0,0.0,-1.0,-1.0,-1.0,-1.0
000087_0105_test.png,187905.0,4374.0,28000.0,10121.0,0.8530318368977524,-1.0,-1.0,-1.0,-1.0,10121.0,28000.0,4374.0,187905.0,0.23816919637604425,-1.0,-1.0,-1.0,-1.0,0.0,0.0,0.0,230400.0,0.0,-1.0,-1.0,-1.0,-1.0
000088_0096.png,168778.0,3252.0,35533.0,22837.0,0.8131410704219924,-1.0,-1.0,-1.0,-1.0,22837.0,35533.0,3252.0,168778.0,0.370598162993736,-1.0,-1.0,-1.0,-1.0,0.0,0.0,0.0,230400.0,0.0,-1.0,-1.0,-1.0,-1.0
000089_0093.png,74983.0,133.0,152932.0,2352.0,0.3288035852101312,-1.0,-1.0,-1.0,-1.0,1402.0,153882.0,133.0,74983.0,0.009020892180392107,-1.0,-1.0,-1.0,-1.0,0.0,0.0,950.0,229450.0,0.0,-1.0,-1.0,-1.0,-1.0
000091_0073.png,75734.0,0.0,148386.0,6280.0,0.3379171872211315,-1.0,-1.0,-1.0,-1.0,6280.0,148386.0,0.0,75734.0,0.04060362329147971,-1.0,-1.0,-1.0,-1.0,0.0,0.0,0.0,230400.0,0.0,-1.0,-1.0,-1.0,-1.0
000094_0303_test.png,214058.0,1507.0,10089.0,4746.0,0.9486115911971426,-1.0,-1.0,-1.0,-1.0,3335.0,10210.0,1536.0,215319.0,0.22113918175187322,-1.0,-1.0,-1.0,-1.0,1142.0,148.0,240.0,228870.0,0.74640522875817,-1.0,-1.0,-1.0,-1.0
000095_0124_test.png,88994.0,963.0,125340.0,15103.0,0.41335457530759834,-1.0,-1.0,-1.0,-1.0,15103.0,125340.0,963.0,88994.0,0.10680593468452541,-1.0,-1.0,-1.0,-1.0,0.0,0.0,0.0,230400.0,0.0,-1.0,-1.0,-1.0,-1.0
000097_0085.png,120292.0,57.0,104166.0,5885.0,0.5357860276596218,-1.0,-1.0,-1.0,-1.0,5885.0,104147.0,57.0,120311.0,0.05345674863065338,-1.0,-1.0,-1.0,-1.0,0.0,19.0,0.0,230381.0,0.0,-1.0,-1.0,-1.0,-1.0
000099_0078.png,20114.0,3.0,204915.0,5368.0,0.08938284332894877,-1.0,-1.0,-1.0,-1.0,2857.0,205424.0,1418.0,20701.0,0.013624290053839075,-1.0,-1.0,-1.0,-1.0,587.0,1415.0,509.0,227889.0,0.23377140581441658,-1.0,-1.0,-1.0,-1.0
000099_0500_test.png,224109.0,6291.0,0.0,0.0,0.9726953125,-1.0,-1.0,-1.0,-1.0,0.0,0.0,5394.0,225006.0,0.0,-1.0,-1.0,-1.0,-1.0,0.0,0.0,897.0,229503.0,0.0,-1.0,-1.0,-1.0,-1.0
000100_0166_test.png,35907.0,0.0,187563.0,6930.0,0.16067928581017588,-1.0,-1.0,-1.0,-1.0,5960.0,188533.0,0.0,35907.0,0.03064377638269758,-1.0,-1.0,-1.0,-1.0,0.0,0.0,970.0,229430.0,0.0,-1.0,-1.0,-1.0,-1.0
000102_0421.png,208638.0,519.0,18101.0,3142.0,0.9180666907215588,-1.0,-1.0,-1.0,-1.0,2235.0,18189.0,222.0,209754.0,0.10825341470502761,-1.0,-1.0,-1.0,-1.0,796.0,23.0,408.0,229173.0,0.6487367563162184,-1.0,-1.0,-1.0,-1.0
000107_0120.png,172193.0,130.0,52966.0,5111.0,0.7643204950086333,-1.0,-1.0,-1.0,-1.0,5111.0,52966.0,130.0,172193.0,0.08780730839933341,-1.0,-1.0,-1.0,-1.0,0.0,0.0,0.0,230400.0,0.0,-1.0,-1.0,-1.0,-1.0
000109_0122.png,80857.0,190.0,135106.0,14247.0,0.3740729945917938,-1.0,-1.0,-1.0,-1.0,14247.0,135106.0,190.0,80857.0,0.09527025671545977,-1.0,-1.0,-1.0,-1.0,0.0,0.0,0.0,230400.0,0.0,-1.0,-1.0,-1.0,-1.0
000113_0354.png,62009.0,39.0,162149.0,6203.0,0.27658264829591833,-1.0,-1.0,-1.0,-1.0,4918.0,162200.0,637.0,62645.0,0.0293165628446246,-1.0,-1.0,-1.0,-1.0,212.0,1022.0,475.0,228691.0,0.1240491515506144,-1.0,-1.0,-1.0,-1.0
000114_0053.png,218652.0,1603.0,9941.0,204.0,0.949851430954491,-1.0,-1.0,-1.0,-1.0,0.0,6341.0,995.0,223064.0,0.0,-1.0,-1.0,-1.0,-1.0,0.0,3804.0,812.0,225784.0,0.0,-1.0,-1.0,-1.0,-1.0
000115_0060.png,220318.0,88.0,6986.0,3008.0,0.9688907261469181,-1.0,-1.0,-1.0,-1.0,2515.0,6860.0,67.0,220958.0,0.2663630586740097,-1.0,-1.0,-1.0,-1.0,395.0,224.0,119.0,229662.0,0.535230352303523,-1.0,-1.0,-1.0,-1.0
000119_0076.png,114289.0,515.0,111166.0,4430.0,0.5057706775235651,-1.0,-1.0,-1.0,-1.0,2954.0,112353.0,431.0,114662.0,0.02552316438853272,-1.0,-1.0,-1.0,-1.0,289.0,0.0,1271.0,228840.0,0.18525641025641026,-1.0,-1.0,-1.0,-1.0
000120_0459_test.png,79226.0,32.0,145803.0,5339.0,0.3520201189899627,-1.0,-1.0,-1.0,-1.0,4543.0,146599.0,13.0,79245.0,0.03005524130859052,-1.0,-1.0,-1.0,-1.0,0.0,0.0,815.0,229585.0,0.0,-1.0,-1.0,-1.0,-1.0
000123_0114.png,56952.0,0.0,167528.0,5920.0,0.2537063435495367,-1.0,-1.0,-1.0,-1.0,5920.0,167528.0,0.0,56952.0,0.03413126700797934,-1.0,-1.0,-1.0,-1.0,0.0,0.0,0.0,230400.0,0.0,-1.0,-1.0,-1.0,-1.0
000127_0133.png,72469.0,0.0,133053.0,24878.0,0.35260945300259827,-1.0,-1.0,-1.0,-1.0,24878.0,133053.0,0.0,72469.0,0.15752448854246476,-1.0,-1.0,-1.0,-1.0,0.0,0.0,0.0,230400.0,0.0,-1.0,-1.0,-1.0,-1.0
000128_0103_test.png,50725.0,117.0,166111.0,13447.0,0.23380640046461676,-1.0,-1.0,-1.0,-1.0,13447.0,157902.0,117.0,58934.0,0.07842371082313696,-1.0,-1.0,-1.0,-1.0,0.0,8209.0,0.0,222191.0,0.0,-1.0,-1.0,-1.0,-1.0
000137_0157.png,75291.0,0.0,149626.0,5483.0,0.33475015227839605,-1.0,-1.0,-1.0,-1.0,4899.0,150207.0,3.0,75291.0,0.031584240759723804,-1.0,-1.0,-1.0,-1.0,0.0,3.0,581.0,229816.0,0.0,-1.0,-1.0,-1.0,-1.0
000142_0110_test.png,187884.0,13601.0,28791.0,124.0,0.8159078670812416,-1.0,-1.0,-1.0,-1.0,124.0,28791.0,13601.0,187884.0,0.0029165490638818326,-1.0,-1.0,-1.0,-1.0,0.0,0.0,0.0,230400.0,0.0,-1.0,-1.0,-1.0,-1.0
000152_0472.png,191751.0,2415.0,34788.0,1446.0,0.8375088445713986,-1.0,-1.0,-1.0,-1.0,551.0,35438.0,2179.0,192232.0,0.014436176902116956,-1.0,-1.0,-1.0,-1.0,245.0,0.0,886.0,229269.0,0.21662245800176835,-1.0,-1.0,-1.0,-1.0
000155_0120.png,92663.0,220.0,130685.0,6832.0,0.4144734487941029,-1.0,-1.0,-1.0,-1.0,6832.0,130685.0,220.0,92663.0,0.04960177730021708,-1.0,-1.0,-1.0,-1.0,0.0,0.0,0.0,230400.0,0.0,-1.0,-1.0,-1.0,-1.0
000158_0075.png,191832.0,13842.0,22274.0,2452.0,0.8415603558706372,-1.0,-1.0,-1.0,-1.0,2452.0,14776.0,13842.0,199330.0,0.07891857096878017,-1.0,-1.0,-1.0,-1.0,0.0,7498.0,0.0,222902.0,0.0,-1.0,-1.0,-1.0,-1.0
000160_0235.png,174483.0,1345.0,50615.0,3957.0,0.7705382811568474,-1.0,-1.0,-1.0,-1.0,2975.0,50692.0,1419.0,175314.0,0.054006462622081836,-1.0,-1.0,-1.0,-1.0,644.0,261.0,264.0,229231.0,0.5508982035928144,-1.0,-1.0,-1.0,-1.0
000161_0102.png,46563.0,0.0,168410.0,15427.0,0.21659929386481094,-1.0,-1.0,-1.0,-1.0,15427.0,168410.0,0.0,46563.0,0.08391673058198296,-1.0,-1.0,-1.0,-1.0,0.0,0.0,0.0,230400.0,0.0,-1.0,-1.0,-1.0,-1.0
000165_0097.png,112998.0,4.0,105085.0,12313.0,0.51813267182363,-1.0,-1.0,-1.0,-1.0,12313.0,105085.0,4.0,112998.0,0.10487896287967836,-1.0,-1.0,-1.0,-1.0,0.0,0.0,0.0,230400.0,0.0,-1.0,-1.0,-1.0,-1.0
000172_0164.png,190502.0,2021.0,35682.0,2195.0,0.8347845139238842,-1.0,-1.0,-1.0,-1.0,1466.0,35868.0,1651.0,191415.0,0.03760420674618443,-1.0,-1.0,-1.0,-1.0,543.0,0.0,556.0,229301.0,0.4940855323020928,-1.0,-1.0,-1.0,-1.0
000175_0283.png,91201.0,208.0,134003.0,4988.0,0.40459691586960767,-1.0,-1.0,-1.0,-1.0,1591.0,133716.0,2929.0,92164.0,0.011509302931219075,-1.0,-1.0,-1.0,-1.0,442.0,3242.0,234.0,226482.0,0.11281265952016335,-1.0,-1.0,-1.0,-1.0
000176_0099.png,26249.0,32.0,187183.0,16936.0,0.12296687029194618,-1.0,-1.0,-1.0,-1.0,16936.0,187183.0,32.0,26249.0,0.08295820250696788,-1.0,-1.0,-1.0,-1.0,0.0,0.0,0.0,230400.0,0.0,-1.0,-1.0,-1.0,-1.0
000180_0046.png,217545.0,998.0,8109.0,3748.0,0.9598194589061645,-1.0,-1.0,-1.0,-1.0,2992.0,8174.0,912.0,218322.0,0.24772313296903462,-1.0,-1.0,-1.0,-1.0,661.0,30.0,181.0,229528.0,0.7580275229357798,-1.0,-1.0,-1.0,-1.0
000184_0134.png,32537.0,0.0,195466.0,2397.0,0.14270426266321057,-1.0,-1.0,-1.0,-1.0,1910.0,195953.0,0.0,32537.0,0.00965314384195125,-1.0,-1.0,-1.0,-1.0,0.0,0.0,487.0,229913.0,0.0,-1.0,-1.0,-1.0,-1.0
000185_0193.png,60267.0,1.0,167209.0,2923.0,0.26493667491658496,-1.0,-1.0,-1.0,-1.0,2357.0,167775.0,1.0,60267.0,0.013853867268548724,-1.0,-1.0,-1.0,-1.0,0.0,0.0,566.0,229834.0,0.0,-1.0,-1.0,-1.0,-1.0
000188_0153.png,205723.0,1229.0,19908.0,3540.0,0.9068279996473596,-1.0,-1.0,-1.0,-1.0,2750.0,20693.0,1182.0,205775.0,0.1116751269035533,-1.0,-1.0,-1.0,-1.0,3.0,2.0,834.0,229561.0,0.003575685339690107,-1.0,-1.0,-1.0,-1.0
000191_0370.png,77111.0,28.0,148282.0,4979.0,0.34207549429733697,-1.0,-1.0,-1.0,-1.0,3067.0,148622.0,1260.0,77451.0,0.020052435779246678,-1.0,-1.0,-1.0,-1.0,183.0,1389.0,497.0,228331.0,0.08844852585790237,-1.0,-1.0,-1.0,-1.0
000194_0061.png,175129.0,2846.0,42899.0,9526.0,0.7928909695120295,-1.0,-1.0,-1.0,-1.0,9526.0,37146.0,2846.0,180882.0,0.19237449008441374,-1.0,-1.0,-1.0,-1.0,0.0,5753.0,0.0,224647.0,0.0,-1.0,-1.0,-1.0,-1.0
000196_0098.png,29623.0,48.0,170414.0,30315.0,0.14805207786690658,-1.0,-1.0,-1.0,-1.0,30315.0,170414.0,48.0,29623.0,0.15098841002704494,-1.0,-1.0,-1.0,-1.0,0.0,0.0,0.0,230400.0,0.0,-1.0,-1.0,-1.0,-1.0
000202_0228_test.png,63451.0,164.0,160197.0,6588.0,0.28350133147463047,-1.0,-1.0,-1.0,-1.0,6130.0,160655.0,138.0,63477.0,0.03672351922742822,-1.0,-1.0,-1.0,-1.0,0.0,0.0,484.0,229916.0,0.0,-1.0,-1.0,-1.0,-1.0
000206_0135_test.png,168805.0,171.0,45868.0,15556.0,0.7857096311742474,-1.0,-1.0,-1.0,-1.0,15556.0,45868.0,171.0,168805.0,0.252552966961604,-1.0,-1.0,-1.0,-1.0,0.0,0.0,0.0,230400.0,0.0,-1.0,-1.0,-1.0,-1.0
000207_0091.png,106452.0,18.0,96299.0,27631.0,0.5249914927824273,-1.0,-1.0,-1.0,-1.0,27631.0,95901.0,18.0,106850.0,0.2236422501011736,-1.0,-1.0,-1.0,-1.0,0.0,398.0,0.0,230002.0,0.0,-1.0,-1.0,-1.0,-1.0
000208_0378.png,88742.0,119.0,136863.0,4676.0,0.3931438393790647,-1.0,-1.0,-1.0,-1.0,3901.0,137630.0,65.0,88804.0,0.027550213282861096,-1.0,-1.0,-1.0,-1.0,0.0,8.0,829.0,229563.0,0.0,-1.0,-1.0,-1.0,-1.0
000211_0459.png,167086.0,254.0,59076.0,3984.0,0.7379602148258073,-1.0,-1.0,-1.0,-1.0,2760.0,59367.0,122.0,168151.0,0.044338061655608926,-1.0,-1.0,-1.0,-1.0,933.0,0.0,423.0,229044.0,0.6880530973451328,-1.0,-1.0,-1.0,-1.0
000212_0184_test.png,205539.0,3830.0,19055.0,1976.0,0.8998135047105383,-1.0,-1.0,-1.0,-1.0,1448.0,12660.0,3694.0,212598.0,0.08133917537355353,-1.0,-1.0,-1.0,-1.0,495.0,6428.0,169.0,223308.0,0.06979695431472081,-1.0,-1.0,-1.0,-1.0
000212_0235.png,72669.0,23.0,155405.0,2303.0,0.31858814451746403,-1.0,-1.0,-1.0,-1.0,1830.0,155878.0,23.0,72669.0,0.011602031306464804,-1.0,-1.0,-1.0,-1.0,0.0,0.0,473.0,229927.0,0.0,-1.0,-1.0,-1.0,-1.0
000214_0435_test.png,72967.0,4.0,150322.0,7107.0,0.3267769253850322,-1.0,-1.0,-1.0,-1.0,5819.0,151042.0,326.0,73213.0,0.03701960085757728,-1.0,-1.0,-1.0,-1.0,246.0,322.0,720.0,229112.0,0.19099378881987578,-1.0,-1.0,-1.0,-1.0
000217_0097_test.png,40721.0,0.0,170835.0,18844.0,0.19248331411068464,-1.0,-1.0,-1.0,-1.0,18844.0,170835.0,0.0,40721.0,0.09934679115769274,-1.0,-1.0,-1.0,-1.0,0.0,0.0,0.0,230400.0,0.0,-1.0,-1.0,-1.0,-1.0
000220_0143.png,208973.0,131.0,15042.0,6254.0,0.9323075138525783,-1.0,-1.0,-1.0,-1.0,3678.0,15469.0,105.0,211148.0,0.19104508622480781,-1.0,-1.0,-1.0,-1.0,2128.0,21.0,474.0,227777.0,0.8112847884102173,-1.0,-1.0,-1.0,-1.0
000220_0196_test.png,32460.0,0.0,191790.0,6150.0,0.14474916387959866,-1.0,-1.0,-1.0,-1.0,5284.0,192656.0,0.0,32460.0,0.026694958068101446,-1.0,-1.0,-1.0,-1.0,0.0,0.0,866.0,229534.0,0.0,-1.0,-1.0,-1.0,-1.0
000222_0092.png,194438.0,2557.0,32469.0,936.0,0.8473573196667016,-1.0,-1.0,-1.0,-1.0,936.0,32169.0,2078.0,195217.0,0.026603757496518204,-1.0,-1.0,-1.0,-1.0,0.0,300.0,479.0,229621.0,0.0,-1.0,-1.0,-1.0,-1.0
000225_0395_test.png,37467.0,132.0,187733.0,5068.0,0.16627465251273676,-1.0,-1.0,-1.0,-1.0,4039.0,183195.0,132.0,43034.0,0.021556739216293246,-1.0,-1.0,-1.0,-1.0,0.0,5567.0,1029.0,223804.0,0.0,-1.0,-1.0,-1.0,-1.0
000226_0191.png,178725.0,327.0,49933.0,1415.0,0.7805096403694565,-1.0,-1.0,-1.0,-1.0,891.0,50013.0,229.0,179267.0,0.01742514618739366,-1.0,-1.0,-1.0,-1.0,439.0,5.0,183.0,229773.0,0.7001594896331739,-1.0,-1.0,-1.0,-1.0
000234_0140.png,133537.0,71.0,86470.0,10322.0,0.606771235652814,-1.0,-1.0,-1.0,-1.0,10322.0,86470.0,71.0,133537.0,0.10656287746611193,-1.0,-1.0,-1.0,-1.0,0.0,0.0,0.0,230400.0,0.0,-1.0,-1.0,-1.0,-1.0
000236_0090.png,171798.0,450.0,44042.0,14110.0,0.794294696934671,-1.0,-1.0,-1.0,-1.0,14110.0,42939.0,450.0,172901.0,0.24539557209690605,-1.0,-1.0,-1.0,-1.0,0.0,1103.0,0.0,229297.0,0.0,-1.0,-1.0,-1.0,-1.0
000249_0330.png,218335.0,1403.0,10653.0,9.0,0.9476715670316983,-1.0,-1.0,-1.0,-1.0,9.0,4928.0,895.0,224568.0,0.0015432098765432098,-1.0,-1.0,-1.0,-1.0,0.0,5725.0,508.0,224167.0,0.0,-1.0,-1.0,-1.0,-1.0
000251_0177.png,27866.0,0.0,198423.0,4111.0,0.12314341395295397,-1.0,-1.0,-1.0,-1.0,3376.0,199158.0,0.0,27866.0,0.016668806225127633,-1.0,-1.0,-1.0,-1.0,0.0,0.0,735.0,229665.0,0.0,-1.0,-1.0,-1.0,-1.0
000254_0080.png,180227.0,61.0,46601.0,3511.0,0.794339963594533,-1.0,-1.0,-1.0,-1.0,1974.0,47119.0,12.0,181295.0,0.04019957234497505,-1.0,-1.0,-1.0,-1.0,1019.0,0.0,567.0,228814.0,0.6424968474148802,-1.0,-1.0,-1.0,-1.0
000259_0239.png,23328.0,44.0,203790.0,3238.0,0.10269323214269992,-1.0,-1.0,-1.0,-1.0,2638.0,204377.0,0.0,23385.0,0.01274303794411033,-1.0,-1.0,-1.0,-1.0,4.0,9.0,640.0,229747.0,0.006125574272588055,-1.0,-1.0,-1.0,-1.0
000263_0037.png,92903.0,0.0,133392.0,4105.0,0.4105393402417199,-1.0,-1.0,-1.0,-1.0,3273.0,133047.0,0.0,94080.0,0.02400968309859155,-1.0,-1.0,-1.0,-1.0,0.0,1177.0,832.0,228391.0,0.0,-1.0,-1.0,-1.0,-1.0
000278_0167.png,215413.0,711.0,12120.0,2156.0,0.943783845358476,-1.0,-1.0,-1.0,-1.0,1699.0,5767.0,860.0,222074.0,0.20405957242373288,-1.0,-1.0,-1.0,-1.0,186.0,6624.0,122.0,223468.0,0.02683208309290248,-1.0,-1.0,-1.0,-1.0
000283_0387.png,213963.0,565.0,11649.0,4223.0,0.9459980457783064,-1.0,-1.0,-1.0,-1.0,3044.0,12828.0,451.0,214077.0,0.1864853274520615,-1.0,-1.0,-1.0,-1.0,0.0,0.0,1293.0,229107.0,0.0,-1.0,-1.0,-1.0,-1.0
000295_0087.png,108627.0,68.0,115939.0,5766.0,0.4835732792008334,-1.0,-1.0,-1.0,-1.0,5766.0,115939.0,68.0,108627.0,0.04735039787144934,-1.0,-1.0,-1.0,-1.0,0.0,0.0,0.0,230400.0,0.0,-1.0,-1.0,-1.0,-1.0
000307_0260.png,139865.0,1539.0,87199.0,1797.0,0.6118248666902883,-1.0,-1.0,-1.0,-1.0,759.0,72750.0,2192.0,154699.0,0.010026287631603282,-1.0,-1.0,-1.0,-1.0,0.0,15487.0,385.0,214528.0,0.0,-1.0,-1.0,-1.0,-1.0
000311_0098.png,36195.0,0.0,189771.0,4434.0,0.16017896497703193,-1.0,-1.0,-1.0,-1.0,4434.0,185180.0,0.0,40786.0,0.02338434925691141,-1.0,-1.0,-1.0,-1.0,0.0,4591.0,0.0,225809.0,0.0,-1.0,-1.0,-1.0,-1.0
000315_1076.png,26516.0,27.0,201197.0,2660.0,0.11643101782734698,-1.0,-1.0,-1.0,-1.0,2365.0,196425.0,27.0,31583.0,0.011895361060673886,-1.0,-1.0,-1.0,-1.0,0.0,5067.0,295.0,225038.0,0.0,-1.0,-1.0,-1.0,-1.0
000316_0425.png,209559.0,3467.0,14960.0,2414.0,0.9191748616143096,-1.0,-1.0,-1.0,-1.0,2203.0,15171.0,2883.0,210143.0,0.10875252998963321,-1.0,-1.0,-1.0,-1.0,0.0,0.0,795.0,229605.0,0.0,-1.0,-1.0,-1.0,-1.0
000319_0233.png,117679.0,384.0,109949.0,2388.0,0.5161088012911601,-1.0,-1.0,-1.0,-1.0,1543.0,110499.0,335.0,118023.0,0.013730567642845066,-1.0,-1.0,-1.0,-1.0,295.0,0.0,599.0,229506.0,0.32997762863534674,-1.0,-1.0,-1.0,-1.0
000327_0405.png,219335.0,363.0,7776.0,2926.0,0.9642200866912263,-1.0,-1.0,-1.0,-1.0,2610.0,7754.0,330.0,219706.0,0.24406209089208902,-1.0,-1.0,-1.0,-1.0,280.0,58.0,69.0,229993.0,0.687960687960688,-1.0,-1.0,-1.0,-1.0
000329_0113.png,205823.0,175.0,18722.0,5680.0,0.9159086863652546,-1.0,-1.0,-1.0,-1.0,5680.0,18722.0,175.0,205823.0,0.23111038776091467,-1.0,-1.0,-1.0,-1.0,0.0,0.0,0.0,230400.0,0.0,-1.0,-1.0,-1.0,-1.0
000333_0671.png,38537.0,2.0,187341.0,4520.0,0.170608287586329,-1.0,-1.0,-1.0,-1.0,3514.0,182102.0,2.0,44782.0,0.018931353640271955,-1.0,-1.0,-1.0,-1.0,0.0,6245.0,1006.0,223149.0,0.0,-1.0,-1.0,-1.0,-1.0
000344_0256.png,221164.0,413.0,5483.0,3340.0,0.9740332951642737,-1.0,-1.0,-1.0,-1.0,1802.0,7021.0,413.0,221164.0,0.19510610653962754,-1.0,-1.0,-1.0,-1.0,0.0,0.0,1538.0,228862.0,0.0,-1.0,-1.0,-1.0,-1.0
000396_0090.png,99216.0,38.0,124713.0,6433.0,0.4429938339130318,-1.0,-1.0,-1.0,-1.0,6433.0,124713.0,38.0,99216.0,0.04903799243810221,-1.0,-1.0,-1.0,-1.0,0.0,0.0,0.0,230400.0,0.0,-1.0,-1.0,-1.0,-1.0
000397_0172.png,23441.0,0.0,203618.0,3341.0,0.10323748453045244,-1.0,-1.0,-1.0,-1.0,2763.0,204196.0,0.0,23441.0,0.013350470383022724,-1.0,-1.0,-1.0,-1.0,0.0,0.0,578.0,229822.0,0.0,-1.0,-1.0,-1.0,-1.0
000407_0371.png,21828.0,2.0,205466.0,3104.0,0.09603336618330283,-1.0,-1.0,-1.0,-1.0,2585.0,200884.0,2.0,26929.0,0.012704513173867529,-1.0,-1.0,-1.0,-1.0,0.0,5101.0,519.0,224780.0,0.0,-1.0,-1.0,-1.0,-1.0
000426_0030.png,223485.0,190.0,3420.0,3305.0,0.984103568990951,-1.0,-1.0,-1.0,-1.0,2466.0,3617.0,154.0,224163.0,0.3953823953823954,-1.0,-1.0,-1.0,-1.0,0.0,642.0,875.0,228883.0,0.0,-1.0,-1.0,-1.0,-1.0
000428_0115.png,19531.0,42.0,187895.0,22932.0,0.0941398191528332,-1.0,-1.0,-1.0,-1.0,22689.0,182395.0,285.0,25031.0,0.11047918624524636,-1.0,-1.0,-1.0,-1.0,0.0,5743.0,0.0,224657.0,0.0,-1.0,-1.0,-1.0,-1.0
000450_0649.png,51535.0,1456.0,176157.0,1252.0,0.22489831899034685,-1.0,-1.0,-1.0,-1.0,1245.0,170891.0,1145.0,57119.0,0.007184861583208776,-1.0,-1.0,-1.0,-1.0,0.0,5273.0,318.0,224809.0,0.0,-1.0,-1.0,-1.0,-1.0
000468_0143.png,76210.0,1356.0,127417.0,25417.0,0.3717869286721338,-1.0,-1.0,-1.0,-1.0,25417.0,127417.0,1356.0,76210.0,0.16484207795576886,-1.0,-1.0,-1.0,-1.0,0.0,0.0,0.0,230400.0,0.0,-1.0,-1.0,-1.0,-1.0
000473_0102.png,67768.0,267.0,157798.0,4567.0,0.30008014771977526,-1.0,-1.0,-1.0,-1.0,3816.0,158544.0,210.0,67830.0,0.023472965491788154,-1.0,-1.0,-1.0,-1.0,5.0,0.0,803.0,229592.0,0.006188118811881188,-1.0,-1.0,-1.0,-1.0
000475_0471.png,194259.0,1029.0,34045.0,1067.0,0.8470608242163142,-1.0,-1.0,-1.0,-1.0,558.0,34554.0,763.0,194525.0,0.015554006968641116,-1.0,-1.0,-1.0,-1.0,0.0,0.0,775.0,229625.0,0.0,-1.0,-1.0,-1.0,-1.0
000479_0563.png,79186.0,71.0,149289.0,1854.0,0.3464772955991354,-1.0,-1.0,-1.0,-1.0,1148.0,147347.0,0.0,81905.0,0.007730900030304051,-1.0,-1.0,-1.0,-1.0,511.0,2137.0,266.0,227486.0,0.17536032944406316,-1.0,-1.0,-1.0,-1.0
000495_0106.png,147356.0,366.0,59232.0,23446.0,0.7120229616243223,-1.0,-1.0,-1.0,-1.0,23446.0,59232.0,366.0,147356.0,0.2823322575983816,-1.0,-1.0,-1.0,-1.0,0.0,0.0,0.0,230400.0,0.0,-1.0,-1.0,-1.0,-1.0
000499_0140.png,56520.0,0.0,164469.0,9411.0,0.2557593364375602,-1.0,-1.0,-1.0,-1.0,9411.0,164464.0,0.0,56525.0,0.05412508986340762,-1.0,-1.0,-1.0,-1.0,0.0,5.0,0.0,230395.0,0.0,-1.0,-1.0,-1.0,-1.0
000500_0259.png,182656.0,847.0,43587.0,3310.0,0.8043330837993747,-1.0,-1.0,-1.0,-1.0,2666.0,43700.0,713.0,183321.0,0.05662822065039614,-1.0,-1.0,-1.0,-1.0,518.0,13.0,260.0,229609.0,0.6548672566371682,-1.0,-1.0,-1.0,-1.0
000520_0141.png,24864.0,0.0,175565.0,29971.0,0.12405390437511538,-1.0,-1.0,-1.0,-1.0,29971.0,175565.0,0.0,24864.0,0.14581873735014791,-1.0,-1.0,-1.0,-1.0,0.0,0.0,0.0,230400.0,0.0,-1.0,-1.0,-1.0,-1.0
000530_0257.png,224627.0,1841.0,56.0,3876.0,0.9916256114142431,-1.0,-1.0,-1.0,-1.0,2202.0,84.0,2344.0,225770.0,0.4755939524838013,-1.0,-1.0,-1.0,-1.0,787.0,859.0,384.0,228370.0,0.3876847290640394,-1.0,-1.0,-1.0,-1.0
000531_0355.png,208756.0,1300.0,19916.0,428.0,0.9077452907310455,-1.0,-1.0,-1.0,-1.0,428.0,16298.0,830.0,212844.0,0.02437912964228754,-1.0,-1.0,-1.0,-1.0,0.0,3618.0,470.0,226312.0,0.0,-1.0,-1.0,-1.0,-1.0
000540_0061.png,112446.0,315.0,111094.0,6545.0,0.5023162314891336,-1.0,-1.0,-1.0,-1.0,6545.0,107146.0,315.0,116394.0,0.0574092591617985,-1.0,-1.0,-1.0,-1.0,0.0,3948.0,0.0,226452.0,0.0,-1.0,-1.0,-1.0,-1.0
000551_0435.png,91712.0,187.0,135309.0,3192.0,0.4036477588817295,-1.0,-1.0,-1.0,-1.0,2891.0,135610.0,115.0,91784.0,0.02085617821896462,-1.0,-1.0,-1.0,-1.0,0.0,0.0,373.0,230027.0,0.0,-1.0,-1.0,-1.0,-1.0
000582_0126.png,214064.0,356.0,10041.0,5939.0,0.9536801493355193,-1.0,-1.0,-1.0,-1.0,5939.0,10041.0,356.0,214064.0,0.36355288932419194,-1.0,-1.0,-1.0,-1.0,0.0,0.0,0.0,230400.0,0.0,-1.0,-1.0,-1.0,-1.0
000586_0270.png,222809.0,677.0,4822.0,2092.0,0.9759141160187116,-1.0,-1.0,-1.0,-1.0,1423.0,4447.0,686.0,223844.0,0.2170530811470409,-1.0,-1.0,-1.0,-1.0,640.0,404.0,20.0,229336.0,0.6015037593984962,-1.0,-1.0,-1.0,-1.0
000608_0134.png,79167.0,0.0,140963.0,10270.0,0.35963748693953573,-1.0,-1.0,-1.0,-1.0,10270.0,140963.0,0.0,79167.0,0.06790845913259672,-1.0,-1.0,-1.0,-1.0,0.0,0.0,0.0,230400.0,0.0,-1.0,-1.0,-1.0,-1.0
000609_0060.png,221669.0,257.0,6163.0,2311.0,0.9718530924332168,-1.0,-1.0,-1.0,-1.0,1690.0,6174.0,241.0,222295.0,0.20851326341764342,-1.0,-1.0,-1.0,-1.0,538.0,72.0,99.0,229691.0,0.7588152327221439,-1.0,-1.0,-1.0,-1.0
000625_0370.png,165342.0,150.0,62542.0,2366.0,0.7250760851451976,-1.0,-1.0,-1.0,-1.0,1428.0,62924.0,150.0,165898.0,0.02213884840780131,-1.0,-1.0,-1.0,-1.0,556.0,0.0,382.0,229462.0,0.5927505330490405,-1.0,-1.0,-1.0,-1.0
000646_0129.png,160621.0,223.0,53365.0,16191.0,0.7498331069189437,-1.0,-1.0,-1.0,-1.0,16191.0,53365.0,223.0,160621.0,0.23203255993923674,-1.0,-1.0,-1.0,-1.0,0.0,0.0,0.0,230400.0,0.0,-1.0,-1.0,-1.0,-1.0
000652_0041.png,96009.0,0.0,131720.0,2671.0,0.42159320947266266,-1.0,-1.0,-1.0,-1.0,2124.0,132267.0,0.0,96009.0,0.015804629774315244,-1.0,-1.0,-1.0,-1.0,0.0,0.0,547.0,229853.0,0.0,-1.0,-1.0,-1.0,-1.0
000659_0301.png,84435.0,6.0,143110.0,2849.0,0.37105967453449995,-1.0,-1.0,-1.0,-1.0,2327.0,143632.0,0.0,84441.0,0.015942833261395322,-1.0,-1.0,-1.0,-1.0,0.0,0.0,528.0,229872.0,0.0,-1.0,-1.0,-1.0,-1.0
000665_0294.png,76325.0,51.0,148791.0,5233.0,0.3389706306874453,-1.0,-1.0,-1.0,-1.0,4320.0,149532.0,0.0,76548.0,0.02807893300054598,-1.0,-1.0,-1.0,-1.0,172.0,0.0,792.0,229436.0,0.17842323651452283,-1.0,-1.0,-1.0,-1.0
000666_0070.png,100102.0,327.0,115813.0,14158.0,0.4629165472017462,-1.0,-1.0,-1.0,-1.0,14158.0,108321.0,327.0,107594.0,0.11528752666807811,-1.0,-1.0,-1.0,-1.0,0.0,7492.0,0.0,222908.0,0.0,-1.0,-1.0,-1.0,-1.0
000670_0088.png,128220.0,42.0,89426.0,12712.0,0.5890081217154827,-1.0,-1.0,-1.0,-1.0,12712.0,86797.0,42.0,130849.0,0.12769334311056643,-1.0,-1.0,-1.0,-1.0,0.0,2629.0,0.0,227771.0,0.0,-1.0,-1.0,-1.0,-1.0
000677_0135.png,170839.0,1358.0,54804.0,3399.0,0.7525913982757785,-1.0,-1.0,-1.0,-1.0,2616.0,53812.0,1358.0,172614.0,0.04527048073927941,-1.0,-1.0,-1.0,-1.0,0.0,1775.0,783.0,227842.0,0.0,-1.0,-1.0,-1.0,-1.0
000678_0077.png,33265.0,22.0,194508.0,2605.0,0.14603042209003708,-1.0,-1.0,-1.0,-1.0,2046.0,195067.0,22.0,33265.0,0.010378674512389987,-1.0,-1.0,-1.0,-1.0,0.0,0.0,559.0,229841.0,0.0,-1.0,-1.0,-1.0,-1.0
000683_0106.png,86476.0,74.0,132244.0,11606.0,0.39523935756922035,-1.0,-1.0,-1.0,-1.0,11606.0,132244.0,74.0,86476.0,0.08063978210722325,-1.0,-1.0,-1.0,-1.0,0.0,0.0,0.0,230400.0,0.0,-1.0,-1.0,-1.0,-1.0
